SPECTRUM - MS,,,,,,
20230108_control1_Recal.raw,,,,,,
FTMS - p ESI Full ms [450.00-950.00],,,,,,
Scan #: 162-181,,,,,,
RT: 4.33-4.84,,,,,,
AV: 20,,do not copy this header--only copy rows 8-1008,,,,
,,,,,,
m/z,Intensity,Relative,Theo. Mass,Delta (mmu),RDB equiv.,Composition
451.4518,1273930.6,1.44,,,,
452.2781,1980311.6,2.24,452.2783,-0.14,1.5,C21 H43 O7 N P 
452.4552,331663.1,0.38,,,,
453.2725,206448.1,0.23,453.2816,-9.11,1.5,C20 [13]C H43 O7 N P 
453.2814,371651.3,0.42,453.2816,-0.24,1.5,C20 [13]C H43 O7 N P 
453.3009,321107.3,0.36,453.2861,14.8,1,C21 H44 O7 N P 
454.2573,539973.3,0.61,454.2575,-0.18,1.5,C20 H41 O8 N P 
455.2881,319608.8,0.36,455.2973,-9.13,0.5,C20 [13]C H45 O7 N P 
460.2704,243063.4,0.28,,,,
462.2989,2722193.5,3.08,462.2626,36.28,3.5,C22 H41 O7 N P 
463.3023,779246.6,0.88,463.2704,31.88,3,C22 H42 O7 N P 
464.3146,2836529,3.21,464.2783,36.34,2.5,C22 H43 O7 N P 
465.3038,1005465.4,1.14,465.2861,17.73,2,C22 H44 O7 N P 
465.3091,396067.5,0.45,465.2861,22.96,2,C22 H44 O7 N P 
465.3179,686591.9,0.78,465.2861,31.83,2,C22 H44 O7 N P 
465.4677,466549.7,0.53,,,,
466.2938,356020.3,0.4,466.2939,-0.11,1.5,C22 H45 O7 N P 
466.3073,360612.4,0.41,466.2939,13.39,1.5,C22 H45 O7 N P 
467.3247,411445.9,0.47,467.3017,22.93,1,C22 H46 O7 N P 
469.2344,503329.5,0.57,469.2765,-42.14,1.5,C20 [13]C H43 O8 N P 
473.2781,363292.4,0.41,473.2548,23.36,5,C23 H40 O7 N P 
473.2825,29326164,33.19,473.3078,-25.33,-0.5,C20 [13]C H47 O8 N P 
474.2858,8817732,9.98,474.2626,23.22,4.5,C23 H41 O7 N P 
474.3622,175608.8,0.2,474.3157,46.55,-1,C20 [13]C H48 O8 N P 
475.2701,1079645.4,1.22,475.2704,-0.36,4,C23 H42 O7 N P 
475.2891,936602.6,1.06,475.2704,18.66,4,C23 H42 O7 N P 
476.2736,188155.7,0.21,476.2738,-0.21,4,C22 [13]C H42 O7 N P 
478.2939,1287208,1.46,478.2939,-0.04,2.5,C23 H45 O7 N P 
479.2972,331268.8,0.37,479.2973,-0.1,2.5,C22 [13]C H45 O7 N P 
479.4832,921906.4,1.04,,,,
480.3004,308133.8,0.35,480.3006,-0.2,2.5,C21 [13]C2 H45 O7 N P 
480.3095,3046691,3.45,480.3096,-0.06,1.5,C23 H47 O7 N P 
480.4867,298823.3,0.34,,,,
481.3039,1429161.1,1.62,481.304,-0.1,2.5,C20 [13]C3 H45 O7 N P 
481.3128,901558,1.02,481.3129,-0.12,1.5,C22 [13]C H47 O7 N P 
481.3299,749444.4,0.85,481.3174,12.52,1,C23 H48 O7 N P 
482.3072,472438.5,0.53,482.3118,-4.58,2,C20 [13]C3 H46 O7 N P 
482.3162,901805.7,1.02,482.3163,-0.11,1.5,C21 [13]C2 H47 O7 N P 
482.3333,250369.2,0.28,482.3252,8.08,0.5,C23 H49 O7 N P 
483.3108,455706.3,0.52,483.3196,-8.83,1.5,C20 [13]C3 H47 O7 N P 
483.3195,2602296.3,2.94,483.3196,-0.11,1.5,C20 [13]C3 H47 O7 N P 
484.3229,967590.9,1.09,484.3275,-4.56,1,C20 [13]C3 H48 O7 N P 
485.3263,872837.3,0.99,485.3353,-8.97,0.5,C20 [13]C3 H49 O7 N P 
487.333,361844.3,0.41,487.328,5.02,-1,C22 H50 O8 N P 
488.1217,220426,0.25,,,,
489.2773,419559.1,0.47,489.2771,0.18,5,C22 [13]C2 H42 O7 N P 
491.4832,213696.1,0.24,,,,
492.3096,434380.4,0.49,492.3096,0.02,2.5,C24 H47 O7 N P 
493.4989,1740607,1.97,,,,
494.3251,293783.7,0.33,494.3252,-0.07,1.5,C24 H49 O7 N P 
494.5021,471225.4,0.53,,,,
498.2624,396848,0.45,498.2626,-0.23,6.5,C25 H41 O7 N P 
500.2781,2783701.3,3.15,500.2783,-0.12,5.5,C25 H43 O7 N P 
501.2815,709103.5,0.8,501.2816,-0.12,5.5,C24 [13]C H43 O7 N P 
502.2706,234790.1,0.27,502.2716,-0.94,7,C20 [13]C5 H40 O7 N P 
502.2851,278935.7,0.32,502.285,0.12,5.5,C23 [13]C2 H43 O7 N P 
502.2938,530212,0.6,502.2939,-0.09,4.5,C25 H45 O7 N P 
503.2884,1307612.5,1.48,503.2883,0.06,5.5,C22 [13]C3 H43 O7 N P 
504.2918,287741.3,0.33,504.2917,0.15,5.5,C21 [13]C4 H43 O7 N P 
506.3252,756237.2,0.86,506.3252,-0.03,2.5,C25 H49 O7 N P 
507.4896,403392.8,0.46,,,,
507.5146,634800.4,0.72,,,,
508.3408,864520.8,0.98,508.3409,-0.07,1.5,C25 H51 O7 N P 
509.2885,810610,0.92,509.2944,-5.89,4,C20 [13]C4 H44 O8 N P 
509.3353,943853.6,1.07,509.3353,0.01,2.5,C22 [13]C3 H49 O7 N P 
510.2918,190587.2,0.22,510.3022,-10.42,3.5,C20 [13]C4 H45 O8 N P 
511.3509,435614.2,0.49,511.3509,-0.05,1.5,C22 [13]C3 H51 O7 N P 
512.2991,1355419.8,1.53,512.3179,-18.77,2.5,C20 [13]C4 H47 O8 N P 
513.2946,2106584,2.38,513.2861,8.54,6,C26 H44 O7 N P 
513.3027,268770.8,0.3,513.2861,16.65,6,C26 H44 O7 N P 
514.2981,251926.7,0.29,514.2939,4.24,5.5,C26 H45 O7 N P 
515.3088,292490.5,0.33,515.3017,7.1,5,C26 H46 O7 N P 
515.3377,576796.9,0.65,515.3414,-3.71,1,C20 [13]C4 H50 O8 N P 
520.2681,222547.4,0.25,520.2821,-14.05,6,C20 [13]C5 H42 O8 N P 
521.5302,744305.9,0.84,,,,
522.2837,1441667.6,1.63,522.2978,-14.12,5,C20 [13]C5 H44 O8 N P 
523.287,398225.1,0.45,523.2704,16.54,8,C27 H42 O7 N P 
524.2782,704822.8,0.8,524.2783,-0.02,7.5,C27 H43 O7 N P 
524.2994,3463241.5,3.92,524.3134,-14.05,4,C20 [13]C5 H46 O8 N P 
524.3356,211543,0.24,524.3358,-0.2,1.5,C25 H51 O8 N P 
525.2937,694675.8,0.79,525.2861,7.66,7,C27 H44 O7 N P 
525.3027,1052366.9,1.19,525.2861,16.62,7,C27 H44 O7 N P 
525.3306,205730.8,0.23,525.3302,0.44,2.5,C22 [13]C3 H49 O8 N P 
526.2938,641141.9,0.73,526.2939,-0.12,6.5,C27 H45 O7 N P 
526.3062,730083.9,0.83,526.2939,12.27,6.5,C27 H45 O7 N P 
527.2884,692304.5,0.78,527.2883,0.07,7.5,C24 [13]C3 H43 O7 N P 
527.3094,2064026.8,2.34,527.3017,7.66,6,C27 H46 O7 N P 
528.2731,234444.4,0.27,528.2732,-0.06,6.5,C26 H43 O8 N P 
528.3095,705593.9,0.8,528.3096,-0.07,5.5,C27 H47 O7 N P 
528.3126,565727.5,0.64,528.3096,3.02,5.5,C27 H47 O7 N P 
529.304,211945,0.24,529.304,0.07,6.5,C24 [13]C3 H45 O7 N P 
529.3164,660635.4,0.75,529.3174,-1.01,5,C27 H48 O7 N P 
530.3197,361498.1,0.41,530.3207,-1.08,5,C26 [13]C H48 O7 N P 
531.2136,1046153.4,1.18,531.2698,-56.2,8,C20 [13]C6 H40 O8 N P 
531.3196,544053.5,0.62,531.3196,-0.01,5.5,C24 [13]C3 H47 O7 N P 
532.217,226052.6,0.26,532.2777,-60.65,7.5,C20 [13]C6 H41 O8 N P 
534.4892,868456,0.98,534.3917,97.47,-1,C20 [13]C5 H56 O8 N P 
535.4922,262859.6,0.3,535.3643,127.9,2,C27 H54 O7 N P 
535.5207,2885465.3,3.27,,,,
535.5458,1320664.6,1.49,,,,
536.4959,314631.4,0.36,536.3722,123.76,1.5,C27 H55 O7 N P 
536.5048,5851390.5,6.62,536.3722,132.63,1.5,C27 H55 O7 N P 
536.524,989674.7,1.12,,,,
536.5493,502620.7,0.57,,,,
537.4885,255167.5,0.29,537.38,108.48,1,C27 H56 O7 N P 
537.5081,2155841.8,2.44,537.38,128.07,1,C27 H56 O7 N P 
538.315,281177.1,0.32,538.3246,-9.62,4.5,C20 [13]C6 H47 O8 N P 
538.5115,2122978.3,2.4,538.3878,123.64,0.5,C27 H57 O7 N P 
539.3101,429942.2,0.49,539.3017,8.41,7,C28 H46 O7 N P 
539.5148,727163.6,0.82,539.3956,119.15,0,C27 H58 O7 N P 
540.3306,511167.4,0.58,540.3403,-9.69,3.5,C20 [13]C6 H49 O8 N P 
540.5182,977737.9,1.11,540.4035,114.72,-0.5,C27 H59 O7 N P 
541.3257,1195633.8,1.35,541.3174,8.29,6,C28 H48 O7 N P 
541.5216,475788.7,0.54,541.4113,110.27,-1,C27 H60 O7 N P 
542.3203,600094.8,0.68,542.3207,-0.45,6,C27 [13]C H48 O7 N P 
542.3291,317326,0.36,542.3252,3.84,5.5,C28 H49 O7 N P 
542.5247,347105.8,0.39,542.4146,110.11,-1,C26 [13]C H60 O7 N P 
543.3323,488550,0.55,543.333,-0.73,5,C28 H50 O7 N P 
543.3406,537933.6,0.61,543.333,7.56,5,C28 H50 O7 N P 
544.2681,566349.3,0.64,544.2732,-5.12,9,C20 [13]C7 H40 O8 N P 
544.3359,1188912.9,1.35,544.3364,-0.49,5,C27 [13]C H50 O7 N P 
545.3392,421203.7,0.48,545.3397,-0.54,5,C26 [13]C2 H50 O7 N P 
546.2838,548155.4,0.62,546.2888,-5.04,8,C20 [13]C7 H42 O8 N P 
546.3427,299729.7,0.34,546.3431,-0.45,5,C25 [13]C3 H50 O7 N P 
547.2783,371117.3,0.42,547.2704,7.81,10,C29 H42 O7 N P 
549.2942,199412.5,0.23,549.2861,8.15,9,C29 H44 O7 N P 
549.5364,325339.7,0.37,549.4107,125.72,-1,C20 [13]C6 H58 O8 N P 
549.5616,550444.4,0.62,,,,
552.4993,396358.5,0.45,552.4035,95.88,0.5,C28 H59 O7 N P 
555.2728,382157.7,0.43,555.2743,-1.49,9.5,C23 [13]C5 H41 O8 N P 
562.5204,211670.4,0.24,562.4504,70.02,-1,C21 [13]C7 H62 O7 N P 
563.5521,4812963,5.45,563.4538,98.29,-1,C20 [13]C8 H62 O7 N P 
563.5771,438142.8,0.5,563.4538,123.33,-1,C20 [13]C8 H62 O7 N P 
564.2612,388998.5,0.44,564.2598,1.44,11,C26 [13]C3 H40 O8 N P 
564.5362,746419.1,0.84,564.4297,106.48,-1,C20 [13]C7 H60 O8 N P 
564.5554,1918171.6,2.17,564.4297,125.71,-1,C20 [13]C7 H60 O8 N P 
565.5392,250239.2,0.28,565.4113,127.93,1,C29 H60 O7 N P 
567.3414,412082.9,0.47,567.333,8.39,7,C30 H50 O7 N P 
569.3567,695501.6,0.79,569.3487,8.06,6,C30 H52 O7 N P 
570.3516,481382.6,0.54,570.352,-0.49,6,C29 [13]C H52 O7 N P 
570.4658,178535.2,0.2,570.4459,19.85,-1,C28 [13]C H64 O7 N P 
571.4974,763319.6,0.86,571.4493,48.15,-1,C27 [13]C2 H64 O7 N P 
572.3673,290456.8,0.33,572.3677,-0.43,5,C29 [13]C H54 O7 N P 
572.4815,1658223.9,1.88,572.4527,28.86,-1,C26 [13]C3 H64 O7 N P 
573.4848,578198.7,0.65,573.456,28.77,-1,C25 [13]C4 H64 O7 N P 
574.4787,452455.3,0.51,574.4594,19.3,-1,C24 [13]C5 H64 O7 N P 
574.488,437794.6,0.5,574.4594,28.67,-1,C24 [13]C5 H64 O7 N P 
577.5929,630850.4,0.71,577.4694,123.44,-1,C21 [13]C8 H64 O7 N P 
583.5057,261497.6,0.3,583.4582,47.42,-1,C30 H66 O7 N P 
589.2919,830082.3,0.94,589.2906,1.34,13,C26 [13]C6 H42 O7 N P 
589.3259,276122.2,0.31,589.3302,-4.26,9,C20 [13]C10 H46 O8 N P 
590.2952,255064.1,0.29,590.2939,1.32,13,C25 [13]C7 H42 O7 N P 
591.403,715223.3,0.81,591.4046,-1.55,4.5,C26 [13]C5 H57 O7 N P 
591.5833,3534839,4,591.4851,98.25,-1,C22 [13]C8 H66 O7 N P 
591.6085,186157.8,0.21,591.4851,123.45,-1,C22 [13]C8 H66 O7 N P 
592.336,317905.4,0.36,592.3364,-0.44,9,C31 [13]C H50 O7 N P 
592.5675,201435.1,0.23,592.4884,79.02,-1,C21 [13]C9 H66 O7 N P 
592.5867,1399661.1,1.58,592.4884,98.22,-1,C21 [13]C9 H66 O7 N P 
597.3046,386367.9,0.44,597.3034,1.22,11.5,C22 [13]C9 H43 O8 N P 
599.3201,1459356.8,1.65,599.319,1.12,10.5,C22 [13]C9 H45 O8 N P 
599.4759,411680.8,0.47,599.4761,-0.21,-0.5,C28 [13]C3 H67 O7 N P 
599.5006,191879.5,0.22,599.4806,19.98,-1,C29 [13]C2 H68 O7 N P 
599.5288,1717229.9,1.94,599.4806,48.22,-1,C29 [13]C2 H68 O7 N P 
600.3235,483437.5,0.55,600.3224,1.1,10.5,C21 [13]C10 H45 O8 N P 
600.4794,213973.6,0.24,600.4795,-0.07,-0.5,C27 [13]C4 H67 O7 N P 
600.5128,306357,0.35,600.484,28.8,-1,C28 [13]C3 H68 O7 N P 
600.5321,560686.7,0.63,600.484,48.12,-1,C28 [13]C3 H68 O7 N P 
601.3282,181201.4,0.21,601.3302,-2.01,10,C21 [13]C10 H46 O8 N P 
601.4827,335459.5,0.38,601.4828,-0.14,-0.5,C26 [13]C5 H67 O7 N P 
601.4914,542238.1,0.61,601.4873,4.07,-1,C27 [13]C4 H68 O7 N P 
601.5258,430107,0.49,601.4873,38.47,-1,C27 [13]C4 H68 O7 N P 
602.3303,997377.9,1.13,602.3252,5.09,10.5,C33 H49 O7 N P 
602.495,252294.6,0.29,602.4907,4.37,-1,C26 [13]C5 H68 O7 N P 
603.3336,366943.2,0.42,603.333,0.52,10,C33 H50 O7 N P 
603.4895,232530,0.26,603.4895,-0.05,-0.5,C24 [13]C7 H67 O7 N P 
603.4982,534193.1,0.6,603.494,4.22,-1,C25 [13]C6 H68 O7 N P 
604.3373,261361.7,0.3,604.3364,0.92,10,C32 [13]C H50 O7 N P 
605.5049,305788.2,0.35,605.5007,4.15,-1,C23 [13]C8 H68 O7 N P 
605.624,303745,0.34,605.5007,123.29,-1,C23 [13]C8 H68 O7 N P 
607.5117,203714.8,0.23,607.5074,4.28,-1,C21 [13]C10 H68 O7 N P 
609.3762,383433.3,0.43,609.3755,0.68,7.5,C32 [13]C H55 O7 N P 
610.5529,703683.6,0.8,610.4817,71.15,-0.5,C32 H69 O7 N P 
611.5255,224172.2,0.25,611.4895,36.01,-1,C32 H70 O7 N P 
612.2412,753018.4,0.85,612.2598,-18.6,15,C30 [13]C3 H40 O8 N P 
613.5409,741711.7,0.84,613.4962,44.7,-1,C30 [13]C2 H70 O7 N P 
614.4906,194506.9,0.22,614.4907,-0.08,0,C27 [13]C5 H68 O7 N P 
614.544,179242.3,0.2,614.4996,44.44,-1,C29 [13]C3 H70 O7 N P 
615.4943,221834.9,0.25,615.494,0.31,0,C26 [13]C6 H68 O7 N P 
616.3644,335781.6,0.38,616.3626,1.82,8.5,C24 [13]C8 H51 O8 N P 
616.4711,2500522.5,2.83,616.4699,1.16,0,C26 [13]C5 H66 O8 N P 
617.4187,1002948.1,1.13,617.4202,-1.53,5.5,C28 [13]C5 H59 O7 N P 
617.4744,907903.5,1.03,617.4733,1.12,0,C25 [13]C6 H66 O8 N P 
617.501,197189,0.22,617.5007,0.27,0,C24 [13]C8 H68 O7 N P 
618.4221,286931.4,0.32,618.4236,-1.5,5.5,C27 [13]C6 H59 O7 N P 
618.4778,538816.1,0.61,618.4766,1.21,0,C24 [13]C7 H66 O8 N P 
618.5831,539059.8,0.61,618.513,70.07,-1,C25 [13]C7 H70 O7 N P 
619.2888,2755339.5,3.12,619.2877,1.12,14.5,C24 [13]C9 H41 O8 N P 
619.6397,690071.6,0.78,619.5164,123.35,-1,C24 [13]C8 H70 O7 N P 
620.2921,807577.8,0.91,620.2911,1.04,14.5,C23 [13]C10 H41 O8 N P 
620.4847,188605,0.21,620.4833,1.34,0,C22 [13]C9 H66 O8 N P 
620.5986,920830.3,1.04,620.5197,78.86,-1,C23 [13]C9 H70 O7 N P 
620.6431,303474,0.34,620.5197,123.39,-1,C23 [13]C9 H70 O7 N P 
621.3047,239930.1,0.27,621.3034,1.37,13.5,C24 [13]C9 H43 O8 N P 
621.602,336528.5,0.38,621.5231,78.89,-1,C22 [13]C10 H70 O7 N P 
622.2989,2167537.5,2.45,622.2939,5,14.5,C35 H45 O7 N P 
622.6054,273994.9,0.31,622.499,106.44,-1,C22 [13]C9 H68 O8 N P 
623.3021,574853.4,0.65,623.3017,0.33,14,C35 H46 O7 N P 
624.3146,256088.8,0.29,624.3096,5,13.5,C35 H47 O7 N P 
624.4974,347264.3,0.39,624.4974,-0.01,-0.5,C33 H71 O7 N P 
626.504,206457.5,0.23,626.5041,-0.03,-0.5,C31 [13]C2 H71 O7 N P 
626.5125,232158.8,0.26,626.5085,3.92,-1,C32 [13]C H72 O7 N P 
626.5362,183463,0.21,626.5085,27.65,-1,C32 [13]C H72 O7 N P 
626.5477,523836.4,0.59,626.5085,39.18,-1,C32 [13]C H72 O7 N P 
627.5072,821216.9,0.93,627.5074,-0.24,-0.5,C30 [13]C3 H71 O7 N P 
627.5602,1801870.8,2.04,627.5119,48.28,-1,C31 [13]C2 H72 O7 N P 
628.5106,391627.5,0.44,628.5108,-0.16,-0.5,C29 [13]C4 H71 O7 N P 
628.5635,592004.9,0.67,628.5153,48.25,-1,C30 [13]C3 H72 O7 N P 
629.5141,473475.9,0.54,629.5141,0,-0.5,C28 [13]C5 H71 O7 N P 
629.523,563581.6,0.64,629.5186,4.35,-1,C29 [13]C4 H72 O7 N P 
629.5571,570220.7,0.65,629.5186,38.51,-1,C29 [13]C4 H72 O7 N P 
630.4864,352312.8,0.4,630.4856,0.81,0,C27 [13]C5 H68 O8 N P 
630.5173,268012.5,0.3,630.5175,-0.21,-0.5,C27 [13]C6 H71 O7 N P 
631.4895,212158.9,0.24,631.4889,0.58,0,C26 [13]C6 H68 O8 N P 
631.5209,232984.4,0.26,631.5208,0.02,-0.5,C26 [13]C7 H71 O7 N P 
631.5297,363822.2,0.41,631.5253,4.37,-1,C27 [13]C6 H72 O7 N P 
632.4297,363603.1,0.41,632.4297,0.04,3.5,C33 H63 O8 N P 
633.5361,195582.1,0.22,633.532,4.09,-1,C25 [13]C8 H72 O7 N P 
633.6554,239998.9,0.27,633.532,123.4,-1,C25 [13]C8 H72 O7 N P 
634.4379,547881.1,0.62,634.437,0.93,6.5,C24 [13]C10 H59 O7 N P 
634.4452,88367048,100,634.4453,-0.11,2.5,C33 H65 O8 N P 
635.4487,31756150,35.94,635.4487,-0.02,2.5,C32 [13]C H65 O8 N P 
636.452,4365499.5,4.94,636.452,-0.01,2.5,C31 [13]C2 H65 O8 N P 
637.4558,387376.9,0.44,637.4554,0.37,2.5,C30 [13]C3 H65 O8 N P 
637.5888,182293.1,0.21,637.518,70.79,-1,C22 [13]C10 H70 O8 N P 
638.4995,275599.7,0.31,638.4996,-0.11,1,C31 [13]C3 H70 O7 N P 
638.584,748806.3,0.85,638.513,71.03,-0.5,C34 H73 O7 N P 
639.5567,239341.8,0.27,639.5208,35.85,-1,C34 H74 O7 N P 
639.5875,206240.6,0.23,639.5208,66.71,-1,C34 H74 O7 N P 
640.2721,349474.4,0.4,640.2732,-1.05,17,C28 [13]C7 H40 O8 N P 
640.5149,594137.5,0.67,640.5153,-0.31,0,C31 [13]C3 H72 O7 N P 
641.5101,496509.6,0.56,641.5097,0.4,1,C28 [13]C6 H70 O7 N P 
641.5182,214132.9,0.24,641.5186,-0.41,0,C30 [13]C4 H72 O7 N P 
641.5724,475430.9,0.54,641.5275,44.83,-1,C32 [13]C2 H74 O7 N P 
642.4866,548442.4,0.62,642.4856,1.05,1,C28 [13]C5 H68 O8 N P 
642.5133,235929.6,0.27,642.513,0.29,1,C27 [13]C7 H70 O7 N P 
642.5218,331946.3,0.38,642.522,-0.19,0,C29 [13]C5 H72 O7 N P 
642.5309,331129.2,0.37,642.5309,0,-1,C31 [13]C3 H74 O7 N P 
643.5166,329132.6,0.37,643.5164,0.25,1,C26 [13]C8 H70 O7 N P 
643.525,471091.9,0.53,643.5253,-0.32,0,C28 [13]C6 H72 O7 N P 
644.5023,414372.3,0.47,644.5012,1.08,0,C28 [13]C5 H70 O8 N P 
644.5287,192890.4,0.22,644.5287,0.01,0,C27 [13]C7 H72 O7 N P 
644.5986,1658392.4,1.88,644.5376,60.96,-1,C29 [13]C5 H74 O7 N P 
645.532,233982.5,0.26,645.532,0.01,0,C26 [13]C8 H72 O7 N P 
645.6018,712492.4,0.81,645.541,60.78,-1,C28 [13]C6 H74 O7 N P 
646.4452,2921447.3,3.31,646.4453,-0.12,3.5,C34 H65 O8 N P 
646.6056,343058.2,0.39,646.5443,61.29,-1,C27 [13]C7 H74 O7 N P 
646.6143,3779194.5,4.28,646.5443,69.95,-1,C27 [13]C7 H74 O7 N P 
647.4485,1010523.6,1.14,647.4487,-0.14,3.5,C33 [13]C H65 O8 N P 
647.6175,1961355.5,2.22,647.5477,69.87,-1,C26 [13]C8 H74 O7 N P 
647.6711,425678.2,0.48,647.5477,123.39,-1,C26 [13]C8 H74 O7 N P 
648.4244,252651.4,0.29,648.4252,-0.78,6.5,C26 [13]C8 H59 O8 N P 
648.4601,245112,0.28,648.461,-0.93,2.5,C34 H67 O8 N P 
648.621,1313394.4,1.49,648.551,70.02,-1,C25 [13]C9 H74 O7 N P 
648.6299,2217266,2.51,648.551,78.83,-1,C25 [13]C9 H74 O7 N P 
649.6245,512327.6,0.58,649.5544,70.15,-1,C24 [13]C10 H74 O7 N P 
649.6332,1175623.9,1.33,649.5544,78.82,-1,C24 [13]C10 H74 O7 N P 
650.6276,457797.3,0.52,650.5303,97.25,-1,C24 [13]C9 H72 O8 N P 
650.6365,894121.4,1.01,650.5303,106.23,-1,C24 [13]C9 H72 O8 N P 
651.6308,239379.3,0.27,651.5337,97.17,-1,C23 [13]C10 H72 O8 N P 
651.64,330809.5,0.37,651.5337,106.38,-1,C23 [13]C10 H72 O8 N P 
652.5283,204938.9,0.23,652.5287,-0.37,-0.5,C35 H75 O7 N P 
652.6433,402543.5,0.46,652.5287,114.69,-0.5,C35 H75 O7 N P 
653.5836,218299.5,0.25,653.5365,47.09,-1,C35 H76 O7 N P 
654.5593,287773.7,0.33,654.5398,19.45,-1,C34 [13]C H76 O7 N P 
654.579,571607.2,0.65,654.5398,39.16,-1,C34 [13]C H76 O7 N P 
655.5384,295713.9,0.33,655.5387,-0.33,-0.5,C32 [13]C3 H75 O7 N P 
656.56,271139.6,0.31,656.5466,13.48,-1,C32 [13]C3 H76 O7 N P 
656.5752,485590.4,0.55,656.5466,28.67,-1,C32 [13]C3 H76 O7 N P 
658.5176,184644.9,0.21,658.5169,0.67,0,C29 [13]C5 H72 O8 N P 
659.5136,278631.5,0.32,659.5158,-2.12,0.5,C27 [13]C7 H71 O8 N P 
661.6867,700879.1,0.79,661.5633,123.33,-1,C27 [13]C8 H76 O7 N P 
662.4402,993790.5,1.12,662.4409,-0.68,6.5,C27 [13]C8 H61 O8 N P 
662.4671,188671.5,0.21,662.4677,-0.56,3.5,C33 [13]C2 H67 O8 N P 
662.4765,10048743,11.37,662.4766,-0.11,2.5,C35 H69 O8 N P 
662.6899,294385.3,0.33,662.5667,123.2,-1,C26 [13]C9 H76 O7 N P 
663.4434,288504.9,0.33,663.4442,-0.84,6.5,C26 [13]C9 H61 O8 N P 
663.4798,3648560.5,4.13,663.48,-0.23,2.5,C34 [13]C H69 O8 N P 
664.4558,10128845,11.46,664.4565,-0.7,5.5,C27 [13]C8 H63 O8 N P 
664.4833,694866.1,0.79,664.4833,-0.03,2.5,C33 [13]C2 H69 O8 N P 
665.4272,292335.8,0.33,665.4292,-1.95,8.5,C34 [13]C3 H61 O7 N P 
665.4591,3436793.5,3.89,665.4599,-0.78,5.5,C26 [13]C9 H63 O8 N P 
666.4351,902769.1,1.02,666.437,-1.85,8,C34 [13]C3 H62 O7 N P 
666.4625,425979.9,0.48,666.4632,-0.75,5.5,C25 [13]C10 H63 O8 N P 
666.5314,262470.1,0.3,666.5309,0.45,1,C33 [13]C3 H74 O7 N P 
668.5463,205264.8,0.23,668.5466,-0.23,0,C33 [13]C3 H76 O7 N P 
669.5414,242412.6,0.27,669.541,0.41,1,C30 [13]C6 H74 O7 N P 
670.5625,260057.6,0.29,670.5622,0.26,-1,C33 [13]C3 H78 O7 N P 
672.4972,1124884.4,1.27,672.4974,-0.19,3.5,C37 H71 O7 N P 
673.4813,457174.3,0.52,673.4828,-1.55,5.5,C32 [13]C5 H67 O7 N P 
673.5005,474374.3,0.54,673.5007,-0.26,3.5,C36 [13]C H71 O7 N P 
674.4758,342410.9,0.39,674.4766,-0.81,3.5,C36 H69 O8 N P 
674.4847,182563.9,0.21,674.4862,-1.53,5.5,C31 [13]C6 H67 O7 N P 
674.504,486087.1,0.55,674.5041,-0.12,3.5,C35 [13]C2 H71 O7 N P 
675.5073,518667.7,0.59,675.5074,-0.08,3.5,C34 [13]C3 H71 O7 N P 
675.7023,296691.7,0.34,675.579,123.36,-1,C28 [13]C8 H78 O7 N P 
676.4558,622006.9,0.7,676.4565,-0.7,6.5,C28 [13]C8 H63 O8 N P 
676.4918,1559383,1.76,676.4923,-0.44,2.5,C36 H71 O8 N P 
677.4953,640264.9,0.72,677.4956,-0.31,2.5,C35 [13]C H71 O8 N P 
677.5138,360964,0.41,677.5141,-0.3,3.5,C32 [13]C5 H71 O7 N P 
678.4713,1111334.1,1.26,678.4722,-0.89,5.5,C28 [13]C8 H65 O8 N P 
678.4902,184958.6,0.21,678.49,0.17,3.5,C32 [13]C4 H69 O8 N P 
678.4982,397883.6,0.45,678.499,-0.83,2.5,C34 [13]C2 H71 O8 N P 
679.4748,318019.4,0.36,679.4755,-0.76,5.5,C27 [13]C9 H65 O8 N P 
679.5024,201474.8,0.23,679.5023,0.09,2.5,C33 [13]C3 H71 O8 N P 
680.5753,645491.4,0.73,680.56,15.35,-0.5,C37 H79 O7 N P 
681.5786,388476,0.44,681.5678,10.84,-1,C37 H80 O7 N P 
681.6149,265163.3,0.3,681.5678,47.07,-1,C37 H80 O7 N P 
682.591,1555825.9,1.76,682.5711,19.86,-1,C36 [13]C H80 O7 N P 
683.5943,953416.5,1.08,683.5745,19.8,-1,C35 [13]C2 H80 O7 N P 
684.5881,628579.6,0.71,684.5779,10.27,-1,C34 [13]C3 H80 O7 N P 
684.5977,569271.2,0.64,684.5779,19.88,-1,C34 [13]C3 H80 O7 N P 
684.6066,946901,1.07,684.5779,28.74,-1,C34 [13]C3 H80 O7 N P 
685.5289,453525.3,0.51,685.5269,2,2,C28 [13]C8 H72 O8 N P 
685.5915,257431.3,0.29,685.5812,10.33,-1,C33 [13]C4 H80 O7 N P 
685.6099,328770.3,0.37,685.5812,28.71,-1,C33 [13]C4 H80 O7 N P 
686.5133,187648.1,0.21,686.513,0.24,3.5,C38 H73 O7 N P 
686.6039,531820.4,0.6,686.5846,19.36,-1,C32 [13]C5 H80 O7 N P 
686.6133,339851.1,0.38,686.5846,28.77,-1,C32 [13]C5 H80 O7 N P 
687.5446,6547603.5,7.41,687.5426,1.97,1,C28 [13]C8 H74 O8 N P 
688.4921,281182.6,0.32,688.4923,-0.17,3.5,C37 H71 O8 N P 
688.5478,2800822.8,3.17,688.5459,1.9,1,C27 [13]C9 H74 O8 N P 
689.5513,1850329,2.09,689.5493,1.96,1,C26 [13]C10 H74 O8 N P 
689.5601,383419.3,0.43,689.5582,1.89,0,C28 [13]C8 H76 O8 N P 
689.718,326193.6,0.37,689.5946,123.41,-1,C29 [13]C8 H80 O7 N P 
690.5075,267442.3,0.3,690.5079,-0.43,2.5,C37 H73 O8 N P 
690.5548,634359.9,0.72,690.5571,-2.36,0.5,C26 [13]C10 H75 O8 N P 
691.5025,300959.3,0.34,691.5023,0.12,3.5,C34 [13]C3 H71 O8 N P 
691.5579,843951.1,0.96,691.5521,5.73,1,C38 H78 O7 N P 
692.5056,183361.7,0.21,692.5057,-0.13,3.5,C33 [13]C4 H71 O8 N P 
692.5612,240262.6,0.27,692.56,1.28,0.5,C38 H79 O7 N P 
693.5089,259192.4,0.29,693.5091,-0.13,3.5,C32 [13]C5 H71 O8 N P 
693.5177,277873,0.31,693.518,-0.25,2.5,C34 [13]C3 H73 O8 N P 
693.5644,234184.4,0.27,693.5633,1.1,0.5,C37 [13]C H79 O7 N P 
693.615,484010.2,0.55,693.5806,34.36,-1,C26 [13]C10 H78 O8 N P 
694.4664,2486000.3,2.81,694.4683,-1.86,8,C36 [13]C3 H66 O7 N P 
694.618,200572.5,0.23,694.5756,42.42,-0.5,C38 H81 O7 N P 
695.4698,763360.9,0.86,695.4717,-1.82,8,C35 [13]C4 H66 O7 N P 
695.5157,197936.4,0.22,695.5158,-0.03,3.5,C30 [13]C7 H71 O8 N P 
695.6307,217380.8,0.25,695.5834,47.28,-1,C38 H82 O7 N P 
698.4717,181491,0.21,698.4722,-0.44,6,C37 [13]C H68 O8 N P 
698.5129,1489632.9,1.69,698.513,-0.14,4.5,C39 H73 O7 N P 
699.4793,223552.2,0.25,699.48,-0.67,5.5,C37 [13]C H69 O8 N P 
699.497,363215.2,0.41,699.4985,-1.49,6.5,C34 [13]C5 H69 O7 N P 
699.5163,562692.1,0.64,699.5164,-0.12,4.5,C38 [13]C H73 O7 N P 
700.5286,4685005,5.3,700.5287,-0.07,3.5,C39 H75 O7 N P 
701.513,481963.3,0.55,701.5141,-1.15,5.5,C34 [13]C5 H71 O7 N P 
701.5238,480292,0.54,701.5231,0.75,4.5,C36 [13]C3 H73 O7 N P 
701.5318,1970306.5,2.23,701.532,-0.27,3.5,C38 [13]C H75 O7 N P 
701.5604,340798.1,0.39,701.5582,2.14,1,C29 [13]C8 H76 O8 N P 
702.489,215470.1,0.24,702.49,-1,5.5,C34 [13]C4 H69 O8 N P 
702.5073,474537.4,0.54,702.5079,-0.65,3.5,C38 H73 O8 N P 
702.5264,316121.6,0.36,702.5264,-0.05,4.5,C35 [13]C4 H73 O7 N P 
702.5353,1037242.8,1.17,702.5354,-0.12,3.5,C37 [13]C2 H75 O7 N P 
702.5441,688155.1,0.78,702.5443,-0.22,2.5,C39 H77 O7 N P 
703.4279,300802.8,0.34,703.4269,0.9,12.5,C33 [13]C7 H59 O7 N P 
703.5031,1008265.4,1.14,703.5023,0.76,4.5,C35 [13]C3 H71 O8 N P 
703.5388,1285940.1,1.46,703.5387,0.06,3.5,C36 [13]C3 H75 O7 N P 
703.7335,523767.4,0.59,703.6103,123.25,-1,C30 [13]C8 H82 O7 N P 
704.5063,380986.9,0.43,704.5057,0.58,4.5,C34 [13]C4 H71 O8 N P 
704.523,482237.8,0.55,704.5236,-0.62,2.5,C38 H75 O8 N P 
704.5421,815066.6,0.92,704.5421,0.02,3.5,C35 [13]C4 H75 O7 N P 
704.5507,236826.3,0.27,704.551,-0.31,2.5,C37 [13]C2 H77 O7 N P 
704.5777,569191,0.64,704.5772,0.41,0,C28 [13]C9 H78 O8 N P 
704.737,208063.3,0.24,704.6136,123.41,-1,C29 [13]C9 H82 O7 N P 
705.5176,247751.3,0.28,705.518,-0.4,3.5,C35 [13]C3 H73 O8 N P 
705.5374,269798,0.31,705.5365,0.87,4.5,C32 [13]C7 H73 O7 N P 
705.5453,598453.1,0.68,705.5454,-0.16,3.5,C34 [13]C5 H75 O7 N P 
705.5543,411226.7,0.47,705.5544,-0.08,2.5,C36 [13]C3 H77 O7 N P 
705.5812,201599.3,0.23,705.5806,0.57,0,C27 [13]C10 H78 O8 N P 
706.4665,2929403.3,3.32,706.4683,-1.83,9,C37 [13]C3 H66 O7 N P 
706.5213,187090.9,0.21,706.5213,-0.05,3.5,C34 [13]C4 H73 O8 N P 
706.5486,380390.6,0.43,706.5488,-0.2,3.5,C33 [13]C6 H75 O7 N P 
706.5574,221202,0.25,706.5577,-0.28,2.5,C35 [13]C4 H77 O7 N P 
706.5843,235394.1,0.27,706.5884,-4.17,-0.5,C27 [13]C10 H79 O8 N P 
707.4697,1112352.3,1.26,707.4717,-1.98,9,C36 [13]C4 H66 O7 N P 
707.5242,228894.2,0.26,707.5247,-0.47,3.5,C33 [13]C5 H73 O8 N P 
707.533,186168.3,0.21,707.5336,-0.66,2.5,C35 [13]C3 H75 O8 N P 
707.5523,260923.5,0.3,707.5521,0.16,3.5,C32 [13]C7 H75 O7 N P 
707.5609,251230.4,0.28,707.5611,-0.2,2.5,C34 [13]C5 H77 O7 N P 
708.4823,410195.2,0.46,708.484,-1.68,8,C37 [13]C3 H68 O7 N P 
708.4973,492850,0.56,708.4974,-0.07,6.5,C40 H71 O7 N P 
709.61,274541.9,0.31,709.5991,10.89,-1,C39 H84 O7 N P 
710.4981,206036.2,0.23,710.4996,-1.51,7,C37 [13]C3 H70 O7 N P 
710.513,260627.3,0.29,710.513,0,5.5,C40 H73 O7 N P 
711.4789,263970.8,0.3,711.48,-1.05,6.5,C38 [13]C H69 O8 N P 
712.4689,1933634.9,2.19,712.4699,-0.99,8,C34 [13]C5 H66 O8 N P 
712.5289,219539.6,0.25,712.5287,0.19,4.5,C40 H75 O7 N P 
713.4722,745088.1,0.84,713.4733,-1.05,8,C33 [13]C6 H66 O8 N P 
714.4661,616009.7,0.7,714.4677,-1.56,9,C30 [13]C9 H64 O8 N P 
714.508,752769.9,0.85,714.5079,0.04,4.5,C39 H73 O8 N P 
714.5442,287046.2,0.32,714.5443,-0.08,3.5,C40 H77 O7 N P 
715.4959,175086.9,0.2,715.4979,-1.93,6,C35 [13]C4 H70 O8 N P 
715.5107,271256.8,0.31,715.5113,-0.57,4.5,C38 [13]C H73 O8 N P 
715.5759,945716.9,1.07,715.5739,1.99,1,C30 [13]C8 H78 O8 N P 
716.5009,187898.2,0.21,716.5012,-0.3,6,C34 [13]C5 H70 O8 N P 
716.515,519076.4,0.59,716.5153,-0.24,7.5,C30 [13]C10 H69 O7 N P 
716.5235,2200250.3,2.49,716.5236,-0.1,3.5,C39 H75 O8 N P 
716.5794,367344.6,0.42,716.5772,2.15,1,C29 [13]C9 H78 O8 N P 
717.5179,1047347.7,1.19,717.518,-0.07,4.5,C36 [13]C3 H73 O8 N P 
717.5268,1085206.6,1.23,717.5269,-0.15,3.5,C38 [13]C H75 O8 N P 
718.5214,521625.4,0.59,718.5213,0.07,4.5,C35 [13]C4 H73 O8 N P 
718.5302,1449541.8,1.64,718.5303,-0.11,3.5,C37 [13]C2 H75 O8 N P 
718.5385,560568.1,0.63,718.5392,-0.73,2.5,C39 H77 O8 N P 
719.4981,1600984.4,1.81,719.5024,-4.26,7,C29 [13]C10 H68 O8 N P 
719.5248,782830.4,0.89,719.5247,0.09,4.5,C34 [13]C5 H73 O8 N P 
719.5336,2948072,3.34,719.5336,-0.07,3.5,C36 [13]C3 H75 O8 N P 
720.4972,8279822,9.37,720.4974,-0.14,7.5,C41 H71 O7 N P 
720.537,1916393.5,2.17,720.537,-0.04,3.5,C35 [13]C4 H75 O8 N P 
721.5005,3627769.8,4.11,721.5007,-0.18,7.5,C40 [13]C H71 O7 N P 
721.5402,2163896.3,2.45,721.5404,-0.17,3.5,C34 [13]C5 H75 O8 N P 
721.5487,925681.9,1.05,721.5493,-0.56,2.5,C36 [13]C3 H77 O8 N P 
722.4981,8288293,9.38,722.4996,-1.55,8,C38 [13]C3 H70 O7 N P 
722.5129,37454916,42.39,722.513,-0.12,6.5,C41 H73 O7 N P 
722.5437,1206844.1,1.37,722.5437,-0.01,3.5,C33 [13]C6 H75 O8 N P 
722.5523,659127.8,0.75,722.5526,-0.31,2.5,C35 [13]C4 H77 O8 N P 
723.4931,15704761,17.77,723.494,-0.88,9,C35 [13]C6 H68 O7 N P 
723.5162,16842138,19.06,723.5164,-0.22,6.5,C40 [13]C H73 O7 N P 
723.547,1274752.9,1.44,723.5471,-0.04,3.5,C32 [13]C7 H75 O8 N P 
723.5557,701158.4,0.79,723.556,-0.31,2.5,C34 [13]C5 H77 O8 N P 
724.4963,5518929.5,6.25,724.4974,-1.1,9,C34 [13]C7 H68 O7 N P 
724.5197,6044904.5,6.84,724.5197,-0.04,6.5,C39 [13]C2 H73 O7 N P 
724.5283,5700497,6.45,724.5287,-0.39,5.5,C41 H75 O7 N P 
724.5504,725704.8,0.82,724.5504,0.01,3.5,C31 [13]C8 H75 O8 N P 
724.5587,310533.8,0.35,724.5594,-0.62,2.5,C33 [13]C6 H77 O8 N P 
725.4997,879888.9,1,725.5001,-0.37,6,C40 H72 O8 N P 
725.5138,961633.4,1.09,725.5141,-0.3,7.5,C36 [13]C5 H71 O7 N P 
725.523,9365029,10.6,725.5231,-0.07,6.5,C38 [13]C3 H73 O7 N P 
725.5538,727681.3,0.82,725.5538,-0.02,3.5,C30 [13]C9 H75 O8 N P 
725.562,374896.5,0.42,725.5627,-0.71,2.5,C32 [13]C7 H77 O8 N P 
726.5074,461847.2,0.52,726.5079,-0.56,5.5,C40 H73 O8 N P 
726.5167,371542.6,0.42,726.5175,-0.76,7.5,C35 [13]C6 H71 O7 N P 
726.5263,4380410,4.96,726.5264,-0.12,6.5,C37 [13]C4 H73 O7 N P 
726.5441,3499416.3,3.96,726.5443,-0.24,4.5,C41 H77 O7 N P 
726.557,341436.3,0.39,726.5571,-0.14,3.5,C29 [13]C10 H75 O8 N P 
726.5806,514862.3,0.58,726.5795,1.15,1,C34 [13]C5 H80 O8 N P 
727.5298,3336737.8,3.78,727.5298,-0.03,6.5,C36 [13]C5 H73 O7 N P 
727.5384,2164699.5,2.45,727.5387,-0.34,5.5,C38 [13]C3 H75 O7 N P 
727.547,1456663.9,1.65,727.5477,-0.67,4.5,C40 [13]C H77 O7 N P 
727.5603,310738.9,0.35,727.565,-4.61,3,C29 [13]C10 H76 O8 N P 
727.584,204966,0.23,727.5828,1.16,1,C33 [13]C6 H80 O8 N P 
728.5231,502129.6,0.57,728.5236,-0.43,4.5,C40 H75 O8 N P 
728.5331,1514502.8,1.71,728.5331,-0.03,6.5,C35 [13]C6 H73 O7 N P 
728.5416,1051639.5,1.19,728.5421,-0.43,5.5,C37 [13]C4 H75 O7 N P 
728.5508,713898.6,0.81,728.551,-0.27,4.5,C39 [13]C2 H77 O7 N P 
728.5597,1958914.5,2.22,728.56,-0.31,3.5,C41 H79 O7 N P 
728.5712,608188.8,0.69,728.5728,-1.62,2.5,C29 [13]C10 H77 O8 N P 
728.5964,193579.3,0.22,728.5951,1.23,0,C34 [13]C5 H82 O8 N P 
729.5269,337791.8,0.38,729.5269,-0.05,4.5,C39 [13]C H75 O8 N P 
729.5364,1346660.9,1.52,729.5365,-0.05,6.5,C34 [13]C7 H73 O7 N P 
729.5453,965853.9,1.09,729.5454,-0.16,5.5,C36 [13]C5 H75 O7 N P 
729.554,874202.1,0.99,729.5544,-0.35,4.5,C38 [13]C3 H77 O7 N P 
729.5624,878430.9,0.99,729.5633,-0.9,3.5,C40 [13]C H79 O7 N P 
729.574,259335.6,0.29,729.5678,6.2,3,C41 H80 O7 N P 
730.5393,1332281.8,1.51,730.5392,0.08,3.5,C40 H77 O8 N P 
730.5575,371253.3,0.42,730.5577,-0.23,4.5,C37 [13]C4 H77 O7 N P 
730.566,334268.3,0.38,730.5667,-0.66,3.5,C39 [13]C2 H79 O7 N P 
730.5749,268603.6,0.3,730.5756,-0.75,2.5,C41 H81 O7 N P 
731.5334,306862.9,0.35,731.5336,-0.22,4.5,C37 [13]C3 H75 O8 N P 
731.5427,798215.3,0.9,731.5426,0.12,3.5,C39 [13]C H77 O8 N P 
731.5514,281879.1,0.32,731.5521,-0.76,5.5,C34 [13]C7 H75 O7 N P 
731.561,353336,0.4,731.5611,-0.11,4.5,C36 [13]C5 H77 O7 N P 
731.5696,561401.8,0.64,731.57,-0.47,3.5,C38 [13]C3 H79 O7 N P 
731.7649,258313.4,0.29,731.6416,123.32,-1,C32 [13]C8 H86 O7 N P 
732.4124,843123.1,0.95,732.4163,-3.9,14.5,C31 [13]C10 H57 O8 N P 
732.4431,375267.1,0.42,732.4431,0.01,11.5,C37 [13]C4 H63 O8 N P 
732.4974,401054.5,0.45,732.4974,0.03,8.5,C42 H71 O7 N P 
732.5458,437822.3,0.5,732.5459,-0.09,3.5,C38 [13]C2 H77 O8 N P 
732.5542,284867.6,0.32,732.5549,-0.65,2.5,C40 H79 O8 N P 
732.5731,255794.3,0.29,732.5734,-0.26,3.5,C37 [13]C4 H79 O7 N P 
733.4159,197075.4,0.22,733.4113,4.59,15,C43 H60 O7 N P 
733.5495,955017.5,1.08,733.5493,0.2,3.5,C37 [13]C3 H77 O8 N P 
733.5688,210896.3,0.24,733.5678,1.01,4.5,C34 [13]C7 H77 O7 N P 
734.5128,1983537.6,2.24,734.513,-0.17,7.5,C42 H73 O7 N P 
734.5521,428654,0.49,734.5526,-0.52,3.5,C36 [13]C4 H77 O8 N P 
735.5158,833323.1,0.94,735.5164,-0.56,7.5,C41 [13]C H73 O7 N P 
735.5557,342097,0.39,735.556,-0.26,3.5,C35 [13]C5 H77 O8 N P 
736.4921,2322248,2.63,736.4923,-0.14,7.5,C41 H71 O8 N P 
736.5136,662539.6,0.75,736.5153,-1.69,8,C39 [13]C3 H72 O7 N P 
736.5284,2709293.5,3.07,736.5287,-0.23,6.5,C42 H75 O7 N P 
737.4953,1004576.6,1.14,737.4956,-0.29,7.5,C40 [13]C H71 O8 N P 
737.5235,419890,0.48,737.5231,0.47,7.5,C39 [13]C3 H73 O7 N P 
737.531,1168115.3,1.32,737.532,-1.05,6.5,C41 [13]C H75 O7 N P 
737.538,1038019.7,1.17,737.5365,1.47,6,C42 H76 O7 N P 
738.4978,432912,0.49,738.499,-1.16,7.5,C39 [13]C2 H71 O8 N P 
738.5076,1022560,1.16,738.5079,-0.31,6.5,C41 H73 O8 N P 
738.5345,273398.4,0.31,738.5354,-0.91,6.5,C40 [13]C2 H75 O7 N P 
738.546,248974.7,0.28,738.5443,1.69,5.5,C42 H77 O7 N P 
739.4877,358252.1,0.41,739.4889,-1.21,9,C35 [13]C6 H68 O8 N P 
739.5024,473117.3,0.54,739.5023,0.03,7.5,C38 [13]C3 H71 O8 N P 
739.5106,508509.2,0.58,739.5113,-0.67,6.5,C40 [13]C H73 O8 N P 
739.5387,247903.6,0.28,739.5387,-0.08,6.5,C39 [13]C3 H75 O7 N P 
740.5059,233028.6,0.26,740.5057,0.18,7.5,C37 [13]C4 H71 O8 N P 
740.5143,456555.5,0.52,740.5146,-0.32,6.5,C39 [13]C2 H73 O8 N P 
740.5234,583848.6,0.66,740.5236,-0.2,5.5,C41 H75 O8 N P 
741.5178,1346765.1,1.52,741.518,-0.16,6.5,C38 [13]C3 H73 O8 N P 
742.5212,758611.3,0.86,742.5213,-0.18,6.5,C37 [13]C4 H73 O8 N P 
742.5391,2070102.8,2.34,742.5392,-0.18,4.5,C41 H77 O8 N P 
743.5246,717750.1,0.81,743.5247,-0.11,6.5,C36 [13]C5 H73 O8 N P 
743.5337,624998.9,0.71,743.5336,0.02,5.5,C38 [13]C3 H75 O8 N P 
743.5422,918803.9,1.04,743.5426,-0.38,4.5,C40 [13]C H77 O8 N P 
743.6073,199033.4,0.23,743.6052,2.08,1,C32 [13]C8 H82 O8 N P 
744.5283,276852.8,0.31,744.5281,0.2,6.5,C35 [13]C6 H73 O8 N P 
744.5472,890512.4,1.01,744.5466,0.61,7.5,C32 [13]C10 H73 O7 N P 
744.5547,2871818.8,3.25,744.5549,-0.18,3.5,C41 H79 O8 N P 
744.5661,889330,1.01,744.5644,1.64,5.5,C36 [13]C6 H77 O7 N P 
745.5023,1069348.9,1.21,745.5007,1.57,9.5,C42 [13]C H71 O7 N P 
745.5311,191690.1,0.22,745.5314,-0.29,6.5,C34 [13]C7 H73 O8 N P 
745.5494,2292524,2.59,745.5493,0.09,4.5,C38 [13]C3 H77 O8 N P 
745.5574,1455687.3,1.65,745.5582,-0.84,3.5,C40 [13]C H79 O8 N P 
745.5692,344810,0.39,745.5678,1.36,5.5,C35 [13]C7 H77 O7 N P 
745.7806,407686.3,0.46,745.6572,123.41,-1,C33 [13]C8 H88 O7 N P 
746.5129,13803758,15.62,746.513,-0.07,8.5,C43 H73 O7 N P 
746.5343,322785.7,0.37,746.5348,-0.5,6.5,C33 [13]C8 H73 O8 N P 
746.5522,1353995.6,1.53,746.5526,-0.47,4.5,C37 [13]C4 H77 O8 N P 
746.5614,1361602.5,1.54,746.5616,-0.17,3.5,C39 [13]C2 H79 O8 N P 
746.5725,180884.8,0.2,746.5712,1.32,5.5,C34 [13]C8 H77 O7 N P 
747.5164,6851187.5,7.75,747.5164,-0.02,8.5,C42 [13]C H73 O7 N P 
747.5379,191818,0.22,747.5381,-0.23,6.5,C32 [13]C9 H73 O8 N P 
747.5565,1248429.1,1.41,747.556,0.47,4.5,C36 [13]C5 H77 O8 N P 
747.5653,6541757.5,7.4,747.5649,0.31,3.5,C38 [13]C3 H79 O8 N P 
748.5285,37376260,42.3,748.5287,-0.16,7.5,C43 H75 O7 N P 
748.5611,8200752.5,9.28,748.5594,1.7,4.5,C35 [13]C6 H77 O8 N P 
749.5318,17589622,19.91,749.532,-0.25,7.5,C42 [13]C H75 O7 N P 
749.5647,3781128.8,4.28,749.5627,2.01,4.5,C34 [13]C7 H77 O8 N P 
750.5076,1013189.1,1.15,750.5079,-0.28,7.5,C42 H73 O8 N P 
750.5441,30100600,34.06,750.5443,-0.26,6.5,C43 H77 O7 N P 
750.5679,2267917.3,2.57,750.5661,1.79,4.5,C33 [13]C8 H77 O8 N P 
751.5106,449090.7,0.51,751.5113,-0.7,7.5,C41 [13]C H73 O8 N P 
751.539,8019242,9.07,751.5387,0.25,7.5,C40 [13]C3 H75 O7 N P 
751.5473,14420101,16.32,751.5477,-0.38,6.5,C42 [13]C H77 O7 N P 
751.5781,1300060.6,1.47,751.5784,-0.29,3.5,C34 [13]C7 H79 O8 N P 
752.5082,4059833,4.59,752.5102,-1.93,8,C39 [13]C3 H72 O8 N P 
752.5233,3181962,3.6,752.5236,-0.28,6.5,C42 H75 O8 N P 
752.5419,3390914.3,3.84,752.5421,-0.17,7.5,C39 [13]C4 H75 O7 N P 
752.5508,4547700,5.15,752.551,-0.22,6.5,C41 [13]C2 H77 O7 N P 
752.5593,4901095.5,5.55,752.56,-0.68,5.5,C43 H79 O7 N P 
752.5749,885466.3,1,752.5728,2.11,4.5,C31 [13]C10 H77 O8 N P 
753.5116,1593513.4,1.8,753.5135,-1.94,8,C38 [13]C4 H72 O8 N P 
753.5261,1353193.4,1.53,753.5269,-0.79,6.5,C41 [13]C H75 O8 N P 
753.5398,2465053.5,2.79,753.541,-1.13,8,C37 [13]C6 H74 O7 N P 
753.5541,6073376,6.87,753.5544,-0.24,6.5,C40 [13]C3 H77 O7 N P 
753.5845,634100.1,0.72,753.5851,-0.55,3.5,C32 [13]C9 H79 O8 N P 
754.394,235466.8,0.27,754.3878,6.17,18.5,C45 H57 O7 N P 
754.4875,248602.5,0.28,754.4817,5.74,11.5,C44 H69 O7 N P 
754.5025,369055.7,0.42,754.5035,-0.97,9.5,C34 [13]C8 H69 O8 N P 
754.5155,283944.4,0.32,754.5169,-1.37,8,C37 [13]C5 H72 O8 N P 
754.5295,570294.8,0.65,754.5303,-0.77,6.5,C40 [13]C2 H75 O8 N P 
754.541,1621788.3,1.84,754.5399,1.16,8.5,C35 [13]C8 H73 O7 N P 
754.5573,2579998.3,2.92,754.5577,-0.39,6.5,C39 [13]C4 H77 O7 N P 
754.5833,367121.2,0.42,754.5884,-5.11,3.5,C31 [13]C10 H79 O8 N P 
755.533,788398.3,0.89,755.5336,-0.65,6.5,C39 [13]C3 H75 O8 N P 
755.5448,1494510.3,1.69,755.5432,1.61,8.5,C34 [13]C9 H73 O7 N P 
755.561,1521511.8,1.72,755.5611,-0.11,6.5,C38 [13]C5 H77 O7 N P 
755.5695,1842911.5,2.09,755.57,-0.53,5.5,C40 [13]C3 H79 O7 N P 
755.5913,258317.8,0.29,755.5963,-5,3,C31 [13]C10 H80 O8 N P 
756.5364,337390.6,0.38,756.537,-0.63,6.5,C38 [13]C4 H75 O8 N P 
756.5495,897051.9,1.02,756.5504,-0.89,5,C41 [13]C H78 O8 N P 
756.5642,721108.3,0.82,756.5644,-0.25,6.5,C37 [13]C6 H77 O7 N P 
756.5727,750860.5,0.85,756.5734,-0.66,5.5,C39 [13]C4 H79 O7 N P 
757.54,333435,0.38,757.5404,-0.31,6.5,C37 [13]C5 H75 O8 N P 
757.5509,783361.9,0.89,757.5493,1.64,5.5,C39 [13]C3 H77 O8 N P 
757.5678,602661.6,0.68,757.5678,0.03,6.5,C36 [13]C7 H77 O7 N P 
757.576,581416.6,0.66,757.5767,-0.75,5.5,C38 [13]C5 H79 O7 N P 
758.5127,273400.4,0.31,758.513,-0.31,9.5,C44 H73 O7 N P 
758.5539,412895.8,0.47,758.5526,1.23,5.5,C38 [13]C4 H77 O8 N P 
758.5704,502852.1,0.57,758.5705,-0.09,3.5,C42 H81 O8 N P 
759.5597,454950.2,0.51,759.5605,-0.77,5,C38 [13]C4 H78 O8 N P 
759.5724,247135.8,0.28,759.5739,-1.46,3.5,C41 [13]C H81 O8 N P 
760.5132,4029570,4.56,760.5153,-2.03,10,C41 [13]C3 H72 O7 N P 
760.5282,1375579.6,1.56,760.5287,-0.44,8.5,C44 H75 O7 N P 
760.5499,287133.5,0.32,760.5504,-0.51,6.5,C34 [13]C8 H75 O8 N P 
760.5616,265134.5,0.3,760.5594,2.21,5.5,C36 [13]C6 H77 O8 N P 
761.5165,2067840.5,2.34,761.5186,-2.06,10,C40 [13]C4 H72 O7 N P 
761.5319,543634.6,0.62,761.532,-0.08,8.5,C43 [13]C H75 O7 N P 
761.5448,382789.2,0.43,761.5493,-4.46,7,C32 [13]C10 H74 O8 N P 
761.5651,188918.2,0.21,761.5672,-2.03,5,C36 [13]C6 H78 O8 N P 
761.5808,474160.8,0.54,761.5806,0.19,3.5,C39 [13]C3 H81 O8 N P 
762.5075,897196.8,1.02,762.5079,-0.38,8.5,C43 H73 O8 N P 
762.52,1885746.6,2.13,762.522,-1.99,10,C39 [13]C5 H72 O7 N P 
762.5328,190871.5,0.22,762.5309,1.88,9,C41 [13]C3 H74 O7 N P 
762.5439,1078708,1.22,762.5443,-0.38,7.5,C44 H77 O7 N P 
762.5657,271416.1,0.31,762.5661,-0.32,5.5,C34 [13]C8 H77 O8 N P 
762.5772,291667.8,0.33,762.575,2.18,4.5,C36 [13]C6 H79 O8 N P 
762.5821,281073,0.32,762.5839,-1.88,3.5,C38 [13]C4 H81 O8 N P 
763.5106,619284.7,0.7,763.5113,-0.71,8.5,C42 [13]C H73 O8 N P 
763.5232,3369333.5,3.81,763.5253,-2.09,10,C38 [13]C6 H72 O7 N P 
763.5383,336016.9,0.38,763.5387,-0.4,8.5,C41 [13]C3 H75 O7 N P 
763.546,357290,0.4,763.5477,-1.66,7.5,C43 [13]C H77 O7 N P 
763.5605,842606.9,0.95,763.565,-4.48,6,C32 [13]C10 H76 O8 N P 
764.5228,2534207.5,2.87,764.5236,-0.78,7.5,C43 H75 O8 N P 
764.5454,344008.7,0.39,764.5466,-1.16,8,C41 [13]C3 H76 O7 N P 
764.5549,204989.1,0.23,764.5555,-0.62,7,C43 [13]C H78 O7 N P 
765.518,1533463.5,1.74,765.518,-0.02,8.5,C40 [13]C3 H73 O8 N P 
765.5303,1493998.3,1.69,765.5314,-1.07,7,C43 H76 O8 N P 
765.5687,314713.9,0.36,765.5678,0.89,6,C44 H80 O7 N P 
766.5218,752588.3,0.85,766.5213,0.48,8.5,C39 [13]C4 H73 O8 N P 
766.527,799214.4,0.9,766.5258,1.19,8,C40 [13]C3 H74 O8 N P 
766.5391,8242357,9.33,766.5392,-0.13,6.5,C43 H77 O8 N P 
767.5335,2153375.8,2.44,767.5336,-0.18,7.5,C40 [13]C3 H75 O8 N P 
767.5422,4264009.5,4.83,767.5426,-0.41,6.5,C42 [13]C H77 O8 N P 
768.5365,914579.9,1.03,768.537,-0.45,7.5,C39 [13]C4 H75 O8 N P 
768.5459,2900903.3,3.28,768.5459,0,6.5,C41 [13]C2 H77 O8 N P 
768.5542,2448179.5,2.77,768.5549,-0.68,5.5,C43 H79 O8 N P 
769.5491,5645974.5,6.39,769.5493,-0.2,6.5,C40 [13]C3 H77 O8 N P 
770.5352,246311.5,0.28,770.5348,0.39,8.5,C35 [13]C8 H73 O8 N P 
770.5525,2987133.5,3.38,770.5526,-0.18,6.5,C39 [13]C4 H77 O8 N P 
770.5692,485890.6,0.55,770.5705,-1.35,4.5,C43 H81 O8 N P 
771.5173,229879.9,0.26,771.5164,0.93,10.5,C44 [13]C H73 O7 N P 
771.5559,2201454,2.49,771.556,-0.06,6.5,C38 [13]C5 H77 O8 N P 
771.6384,330222.8,0.37,771.6365,1.87,1,C34 [13]C8 H86 O8 N P 
772.5133,460627,0.52,772.5153,-1.96,11,C42 [13]C3 H72 O7 N P 
772.5283,3847723.5,4.35,772.5287,-0.32,9.5,C45 H75 O7 N P 
772.5592,943073.7,1.07,772.5594,-0.12,6.5,C37 [13]C6 H77 O8 N P 
772.5675,752208.6,0.85,772.5683,-0.79,5.5,C39 [13]C4 H79 O8 N P 
772.586,267619.8,0.3,772.5862,-0.21,3.5,C43 H83 O8 N P 
773.5326,2842185.3,3.22,773.532,0.56,9.5,C44 [13]C H75 O7 N P 
773.5626,860644.3,0.97,773.5627,-0.14,6.5,C36 [13]C7 H77 O8 N P 
773.5713,550110.4,0.62,773.5717,-0.38,5.5,C38 [13]C5 H79 O8 N P 
773.5801,574777.9,0.65,773.5806,-0.46,4.5,C40 [13]C3 H81 O8 N P 
774.4593,1999402.4,2.26,774.4632,-3.9,14.5,C34 [13]C10 H63 O8 N P 
774.5439,5041496,5.71,774.5443,-0.37,8.5,C45 H77 O7 N P 
774.566,656876.6,0.74,774.5661,-0.05,6.5,C35 [13]C8 H77 O8 N P 
774.5769,401753.4,0.45,774.575,1.85,5.5,C37 [13]C6 H79 O8 N P 
775.4628,812954.3,0.92,775.4582,4.6,15,C46 H66 O7 N P 
775.547,2652615.5,3,775.5477,-0.66,8.5,C44 [13]C H77 O7 N P 
775.5622,408224.6,0.46,775.565,-2.73,7,C33 [13]C10 H76 O8 N P 
775.5677,434998.1,0.49,775.5694,-1.69,6.5,C34 [13]C9 H77 O8 N P 
775.5796,252325.2,0.29,775.5784,1.2,5.5,C36 [13]C7 H79 O8 N P 
775.5964,798079.4,0.9,775.5962,0.14,3.5,C40 [13]C3 H83 O8 N P 
776.5232,1358632.8,1.54,776.5236,-0.33,8.5,C44 H75 O8 N P 
776.5444,1224219.1,1.39,776.5466,-2.12,9,C42 [13]C3 H76 O7 N P 
776.5594,2709761.5,3.07,776.56,-0.52,7.5,C45 H79 O7 N P 
776.5838,221694.6,0.25,776.5817,2.07,5.5,C35 [13]C8 H79 O8 N P 
776.5921,923796.3,1.05,776.5907,1.41,4.5,C37 [13]C6 H81 O8 N P 
777.5261,635194.4,0.72,777.5269,-0.82,8.5,C43 [13]C H75 O8 N P 
777.5395,1457830,1.65,777.541,-1.48,10,C39 [13]C6 H74 O7 N P 
777.5539,1696645.5,1.92,777.5544,-0.44,8.5,C42 [13]C3 H77 O7 N P 
777.5624,1496348.9,1.69,777.5633,-0.96,7.5,C44 [13]C H79 O7 N P 
777.5761,2338305.3,2.65,777.5806,-4.51,6,C33 [13]C10 H78 O8 N P 
777.5959,428122,0.48,777.594,1.94,4.5,C36 [13]C7 H81 O8 N P 
778.5236,4889894,5.53,778.5258,-2.21,9,C41 [13]C3 H74 O8 N P 
778.5387,2609475.5,2.95,778.5392,-0.5,7.5,C44 H77 O8 N P 
778.5479,620557.9,0.7,778.5488,-0.87,9.5,C39 [13]C6 H75 O7 N P 
778.5576,814906.3,0.92,778.5577,-0.13,8.5,C41 [13]C4 H77 O7 N P 
778.5738,1049233.9,1.19,778.5756,-1.8,6.5,C45 H81 O7 N P 
778.5819,598264.6,0.68,778.5756,6.33,6.5,C45 H81 O7 N P 
779.5271,1942291,2.2,779.5292,-2.1,9,C40 [13]C4 H74 O8 N P 
779.5412,1175442.8,1.33,779.5426,-1.34,7.5,C43 [13]C H77 O8 N P 
779.5542,1807443.1,2.05,779.5521,2.05,9.5,C38 [13]C7 H75 O7 N P 
779.5695,1319795.1,1.49,779.57,-0.55,7.5,C42 [13]C3 H79 O7 N P 
779.5848,606581.6,0.69,779.5834,1.41,6,C45 H82 O7 N P 
780.5184,623484.4,0.71,780.5191,-0.74,10.5,C36 [13]C8 H71 O8 N P 
780.5308,472298.9,0.53,780.5325,-1.74,9,C39 [13]C5 H74 O8 N P 
780.5394,458488.6,0.52,780.5415,-2.08,8,C41 [13]C3 H76 O8 N P 
780.5488,916146.4,1.04,780.5504,-1.65,7,C43 [13]C H78 O8 N P 
780.5553,1574996.3,1.78,780.5555,-0.16,9.5,C37 [13]C8 H75 O7 N P 
780.5725,566233.4,0.64,780.5734,-0.88,7.5,C41 [13]C4 H79 O7 N P 
780.5911,405199.1,0.46,780.5913,-0.17,5.5,C45 H83 O7 N P 
781.5469,483588.5,0.55,781.5448,2.1,8,C40 [13]C4 H76 O8 N P 
781.5639,882472,1,781.5633,0.6,9,C37 [13]C8 H76 O7 N P 
781.5841,623460.7,0.71,781.5857,-1.61,6.5,C42 [13]C3 H81 O7 N P 
782.5339,1019103.8,1.15,782.5348,-0.85,9.5,C36 [13]C8 H73 O8 N P 
782.5573,805200.4,0.91,782.5571,0.18,7,C41 [13]C3 H78 O8 N P 
782.5648,909078.6,1.03,782.5661,-1.21,6,C43 [13]C H80 O8 N P 
782.588,233016.3,0.26,782.589,-1.07,6.5,C41 [13]C4 H81 O7 N P 
783.5371,487468.1,0.55,783.5381,-1.05,9.5,C35 [13]C9 H73 O8 N P 
783.5697,737350.4,0.83,783.57,-0.3,9,C35 [13]C10 H76 O7 N P 
784.5133,468122.3,0.53,784.5153,-1.93,12,C43 [13]C3 H72 O7 N P 
784.5488,315536.5,0.36,784.5504,-1.61,8.5,C36 [13]C8 H75 O8 N P 
784.5636,579808.2,0.66,784.5638,-0.25,7,C39 [13]C5 H78 O8 N P 
784.572,703109.2,0.8,784.5728,-0.74,6,C41 [13]C3 H80 O8 N P 
785.5447,317823.9,0.36,785.5493,-4.56,9,C34 [13]C10 H74 O8 N P 
785.5668,200594.1,0.23,785.5672,-0.42,7,C38 [13]C6 H78 O8 N P 
785.5755,352050.2,0.4,785.5761,-0.61,6,C40 [13]C4 H80 O8 N P 
786.5288,3739817.3,4.23,786.5309,-2.11,11,C43 [13]C3 H74 O7 N P 
786.5782,369134.7,0.42,786.5795,-1.24,6,C39 [13]C5 H80 O8 N P 
787.5321,1825674.9,2.07,787.5343,-2.19,11,C42 [13]C4 H74 O7 N P 
788.5234,383267.7,0.43,788.5236,-0.19,9.5,C45 H75 O8 N P 
788.5444,14392348,16.29,788.5466,-2.17,10,C43 [13]C3 H76 O7 N P 
789.5476,7052559,7.98,789.5454,2.16,10.5,C41 [13]C5 H75 O7 N P 
790.5389,1392208,1.58,790.5392,-0.33,8.5,C45 H77 O8 N P 
790.5511,4240012,4.8,790.5533,-2.19,10,C41 [13]C5 H76 O7 N P 
791.5422,747961.9,0.85,791.5426,-0.34,8.5,C44 [13]C H77 O8 N P 
791.5544,7311434.5,8.27,791.5566,-2.18,10,C40 [13]C6 H76 O7 N P 
791.5916,177991.1,0.2,791.5963,-4.6,6,C34 [13]C10 H80 O8 N P 
792.5178,175566.9,0.2,792.5191,-1.33,11.5,C37 [13]C8 H71 O8 N P 
792.5581,3268517,3.7,792.56,-1.89,10,C39 [13]C7 H76 O7 N P 
793.502,214950,0.24,793.5007,1.25,13.5,C46 [13]C H71 O7 N P 
793.5492,1489375.1,1.69,793.5493,-0.12,8.5,C42 [13]C3 H77 O8 N P 
793.5615,2553153,2.89,793.5627,-1.22,7,C45 H80 O8 N P 
794.5339,890822.2,1.01,794.5348,-0.88,10.5,C37 [13]C8 H73 O8 N P 
794.5531,729146.4,0.83,794.5526,0.48,8.5,C41 [13]C4 H77 O8 N P 
794.5643,1754249.8,1.99,794.5661,-1.71,7,C44 [13]C H80 O8 N P 
794.6222,220617.9,0.25,794.6242,-2.04,4,C35 [13]C9 H84 O8 N P 
795.5178,243976.5,0.28,795.5164,1.42,12.5,C46 [13]C H73 O7 N P 
795.5365,349204.9,0.4,795.5381,-1.67,10.5,C36 [13]C9 H73 O8 N P 
795.5676,1228291.6,1.39,795.5694,-1.85,7,C43 [13]C2 H80 O8 N P 
796.5135,340323.7,0.39,796.5153,-1.77,13,C44 [13]C3 H72 O7 N P 
796.5343,394968.9,0.45,796.5287,5.67,11.5,C47 H75 O7 N P 
796.5497,934156.8,1.06,796.5504,-0.77,9.5,C37 [13]C8 H75 O8 N P 
796.571,687907.4,0.78,796.5728,-1.79,7,C42 [13]C3 H80 O8 N P 
797.5513,458037.6,0.52,797.5493,1.96,10,C35 [13]C10 H74 O8 N P 
797.5601,212958.5,0.24,797.5582,1.83,9,C37 [13]C8 H76 O8 N P 
797.5809,659852.6,0.75,797.5806,0.35,6.5,C42 [13]C3 H81 O8 N P 
797.654,641119.9,0.73,797.6521,1.84,2,C36 [13]C8 H88 O8 N P 
798.5288,762178.4,0.86,798.5309,-2.08,12,C44 [13]C3 H74 O7 N P 
798.5557,278833.5,0.32,798.5571,-1.41,9.5,C35 [13]C10 H75 O8 N P 
798.5654,660977.5,0.75,798.5661,-0.68,8.5,C37 [13]C8 H77 O8 N P 
798.5844,414965.7,0.47,798.5839,0.43,6.5,C41 [13]C4 H81 O8 N P 
798.6574,325100.3,0.37,798.6555,1.86,2,C35 [13]C9 H88 O8 N P 
799.5271,783781.8,0.89,799.5253,1.77,13,C41 [13]C6 H72 O7 N P 
799.5599,472439.9,0.53,799.565,-5.06,9,C35 [13]C10 H76 O8 N P 
799.5681,356458.1,0.4,799.5694,-1.32,8.5,C36 [13]C9 H77 O8 N P 
799.5843,211576.9,0.24,799.5828,1.46,7,C39 [13]C6 H80 O8 N P 
799.5877,221211.8,0.25,799.5873,0.38,6.5,C40 [13]C5 H81 O8 N P 
799.6691,221833.5,0.25,799.6678,1.34,1,C36 [13]C8 H90 O8 N P 
800.5304,300237.3,0.34,800.5287,1.69,13,C40 [13]C7 H72 O7 N P 
800.544,681700.8,0.77,800.5421,1.96,11.5,C43 [13]C4 H75 O7 N P 
800.5631,182434.8,0.21,800.56,3.16,9.5,C47 H79 O7 N P 
801.5401,331656.9,0.38,801.541,-0.85,12,C41 [13]C6 H74 O7 N P 
801.5474,215737,0.24,801.5454,1.99,11.5,C42 [13]C5 H75 O7 N P 
801.5763,244059.7,0.28,801.5806,-4.28,8,C35 [13]C10 H78 O8 N P 
802.539,285326.4,0.32,802.5392,-0.22,9.5,C46 H77 O8 N P 
802.5599,794016.6,0.9,802.5577,2.21,10.5,C43 [13]C4 H77 O7 N P 
803.5553,745707.4,0.84,803.5566,-1.36,11,C41 [13]C6 H76 O7 N P 
804.5557,300022.4,0.34,804.5555,0.2,11.5,C39 [13]C8 H75 O7 N P 
804.5617,333624.3,0.38,804.56,1.74,11,C40 [13]C7 H76 O7 N P 
804.5756,608218.9,0.69,804.5734,2.22,9.5,C43 [13]C4 H79 O7 N P 
804.6237,193543.2,0.22,804.622,1.71,4.5,C39 [13]C6 H85 O8 N P 
805.5707,1617283.4,1.83,805.5723,-1.56,10,C41 [13]C6 H78 O7 N P 
805.6077,197131.3,0.22,805.6119,-4.18,6,C35 [13]C10 H82 O8 N P 
806.5552,821580.7,0.93,806.5571,-1.95,9,C43 [13]C3 H78 O8 N P 
806.5648,614452.9,0.7,806.5661,-1.27,8,C45 [13]C H80 O8 N P 
806.5757,695398.3,0.79,806.5756,0.06,10,C40 [13]C7 H78 O7 N P 
807.5584,332412.8,0.38,807.5605,-2.07,9,C42 [13]C4 H78 O8 N P 
807.5849,1043060.6,1.18,807.5834,1.49,9.5,C40 [13]C7 H79 O7 N P 
808.5132,1137510.9,1.29,808.5153,-2.05,14,C45 [13]C3 H72 O7 N P 
808.5496,838891.8,0.95,808.5504,-0.83,10.5,C38 [13]C8 H75 O8 N P 
808.5811,1738076.8,1.97,808.5817,-0.59,7,C45 [13]C H82 O8 N P 
809.5165,587933.7,0.67,809.5186,-2.08,14,C44 [13]C4 H72 O7 N P 
809.5519,516594.3,0.58,809.5538,-1.9,10.5,C37 [13]C9 H75 O8 N P 
809.5656,483701.7,0.55,809.5672,-1.6,9,C40 [13]C6 H78 O8 N P 
809.5849,1069304,1.21,809.5851,-0.16,7,C44 [13]C2 H82 O8 N P 
810.5288,7523437.5,8.51,810.5309,-2.11,13,C45 [13]C3 H74 O7 N P 
810.5651,1085156.9,1.23,810.5661,-0.94,9.5,C38 [13]C8 H77 O8 N P 
810.5757,266590.5,0.3,810.575,0.68,8.5,C40 [13]C6 H79 O8 N P 
810.5882,991822.6,1.12,810.5884,-0.24,7,C43 [13]C3 H82 O8 N P 
811.532,4269822,4.83,811.5298,2.2,13.5,C43 [13]C5 H73 O7 N P 
811.5607,1196003.1,1.35,811.565,-4.27,10,C36 [13]C10 H76 O8 N P 
811.5767,383265.7,0.43,811.5784,-1.62,8.5,C39 [13]C7 H79 O8 N P 
811.5909,445531.6,0.5,811.5918,-0.84,7,C42 [13]C4 H82 O8 N P 
811.5986,299159.2,0.34,811.6007,-2.14,6,C44 [13]C2 H84 O8 N P 
812.5441,6762250.5,7.65,812.5421,2.07,12.5,C44 [13]C4 H75 O7 N P 
812.564,660664.9,0.75,812.56,4.03,10.5,C48 H79 O7 N P 
812.5811,228937.1,0.26,812.5817,-0.61,8.5,C38 [13]C8 H79 O8 N P 
812.5938,569504.6,0.64,812.5951,-1.3,7,C41 [13]C5 H82 O8 N P 
813.5394,5592889,6.33,813.541,-1.62,13,C42 [13]C6 H74 O7 N P 
813.5754,539778.2,0.61,813.5806,-5.16,9,C36 [13]C10 H78 O8 N P 
813.5983,210725.2,0.24,813.5985,-0.16,7,C40 [13]C6 H82 O8 N P 
814.5428,2794245.8,3.16,814.5443,-1.52,13,C41 [13]C7 H74 O7 N P 
815.5542,3615904,4.09,815.5521,2.02,12.5,C41 [13]C7 H75 O7 N P 
816.5576,1732000.8,1.96,816.5555,2.13,12.5,C40 [13]C8 H75 O7 N P 
816.5759,577172.4,0.65,816.5779,-1.97,10,C45 [13]C3 H80 O7 N P 
817.5609,1128856.8,1.28,817.5627,-1.77,9,C47 H80 O8 N P 
818.534,185749.5,0.21,818.5348,-0.78,12.5,C39 [13]C8 H73 O8 N P 
818.5637,684580.8,0.77,818.5622,1.53,12.5,C38 [13]C10 H75 O7 N P 
819.5181,1289805.8,1.46,819.5164,1.69,14.5,C48 [13]C H73 O7 N P 
819.5677,448898.6,0.51,819.5694,-1.67,9,C45 [13]C2 H80 O8 N P 
819.5857,286615.5,0.32,819.5879,-2.2,10,C42 [13]C6 H80 O7 N P 
820.5212,671381.6,0.76,820.5197,1.49,14.5,C47 [13]C2 H73 O7 N P 
820.5497,650900.6,0.74,820.5504,-0.76,11.5,C39 [13]C8 H75 O8 N P 
820.5706,341472.2,0.39,820.5728,-2.15,9,C44 [13]C3 H80 O8 N P 
821.5327,546894.6,0.62,821.532,0.69,13.5,C48 [13]C H75 O7 N P 
821.5529,311772.3,0.35,821.5538,-0.88,11.5,C38 [13]C9 H75 O8 N P 
821.5655,204510.6,0.23,821.5672,-1.66,10,C41 [13]C6 H78 O8 N P 
822.5289,619889.4,0.7,822.5309,-1.96,14,C46 [13]C3 H74 O7 N P 
822.5651,737188.3,0.83,822.5661,-1,10.5,C39 [13]C8 H77 O8 N P 
823.5316,369427.2,0.42,823.5298,1.79,14.5,C44 [13]C5 H73 O7 N P 
823.5613,257341.8,0.29,823.565,-3.67,11,C37 [13]C10 H76 O8 N P 
823.5672,262693.8,0.3,823.565,2.23,11,C37 [13]C10 H76 O8 N P 
823.5805,190853,0.22,823.5784,2.09,9.5,C40 [13]C7 H79 O8 N P 
824.544,768000.7,0.87,824.5421,1.9,13.5,C45 [13]C4 H75 O7 N P 
824.5601,190423.3,0.22,824.56,0.14,11.5,C49 H79 O7 N P 
824.581,302648,0.34,824.5817,-0.68,9.5,C39 [13]C8 H79 O8 N P 
825.5392,670367.1,0.76,825.541,-1.8,14,C43 [13]C6 H74 O7 N P 
825.5756,293164.3,0.33,825.5806,-5,10,C37 [13]C10 H78 O8 N P 
826.5424,221988.2,0.25,826.5443,-1.94,14,C42 [13]C7 H74 O7 N P 
826.5599,916920.6,1.04,826.5577,2.13,12.5,C45 [13]C4 H77 O7 N P 
827.5549,1273476.4,1.44,827.5566,-1.71,13,C43 [13]C6 H76 O7 N P 
828.5572,631779.4,0.71,828.5555,1.72,13.5,C41 [13]C8 H75 O7 N P 
828.57,323586.6,0.37,828.5689,1.14,12,C44 [13]C5 H78 O7 N P 
829.5703,1069447.3,1.21,829.5723,-1.92,12,C43 [13]C6 H78 O7 N P 
830.5656,1193306.6,1.35,830.5661,-0.48,10,C47 [13]C H80 O8 N P 
830.5913,383969.4,0.43,830.5935,-2.16,10,C46 [13]C3 H82 O7 N P 
830.6397,212914.2,0.24,830.6376,2.13,5.5,C41 [13]C6 H87 O8 N P 
831.5167,196978.7,0.22,831.5029,13.82,6.5,C43 H76 O13 P 
831.5693,685846.1,0.78,831.57,-0.66,2.5,C36 [13]C6 H82 O13 P 
831.5864,873085.2,0.99,831.5879,-1.43,0.5,C40 [13]C2 H86 O13 P 
832.5725,740856.4,0.84,832.5733,-0.87,2.5,C35 [13]C7 H82 O13 P 
832.6068,220190.8,0.25,832.6046,2.13,-1,C42 H89 O13 P 
832.6549,548083.6,0.62,832.6046,50.23,-1,C42 H89 O13 P 
833.5754,348119.5,0.39,833.5767,-1.33,2.5,C34 [13]C8 H82 O13 P 
833.5849,326834.1,0.37,833.5856,-0.73,1.5,C36 [13]C6 H84 O13 P 
833.6017,859736.6,0.97,833.6035,-1.85,-0.5,C40 [13]C2 H88 O13 P 
834.5288,3299795.8,3.73,834.5264,2.45,5,C43 H79 O13 P 
834.5865,714485.1,0.81,834.5845,1.99,2,C34 [13]C8 H83 O13 P 
834.5964,701953.7,0.79,834.5979,-1.56,0.5,C37 [13]C5 H86 O13 P 
835.5323,2070419,2.34,835.5342,-1.95,4.5,C43 H80 O13 P 
835.5619,199353.2,0.23,835.5834,-21.52,2.5,C32 [13]C10 H82 O13 P 
835.5819,486245.9,0.55,835.5834,-1.46,2.5,C32 [13]C10 H82 O13 P 
835.6031,440474.3,0.5,835.6013,1.81,0.5,C36 [13]C6 H86 O13 P 
835.6085,454066.3,0.51,835.6102,-1.68,-0.5,C38 [13]C4 H88 O13 P 
836.5442,4369096,4.94,836.542,2.21,4,C43 H81 O13 P 
836.5811,404136.8,0.46,836.5912,-10.12,2,C32 [13]C10 H83 O13 P 
836.5928,339200,0.38,836.5912,1.56,2,C32 [13]C10 H83 O13 P 
836.612,648117.3,0.73,836.6136,-1.6,-0.5,C37 [13]C5 H88 O13 P 
837.5398,3303444,3.74,837.5409,-1.11,4.5,C41 [13]C2 H80 O13 P 
837.5766,713767.8,0.81,837.5991,-22.46,1.5,C32 [13]C10 H84 O13 P 
837.5965,902957.7,1.02,837.5991,-2.57,1.5,C32 [13]C10 H84 O13 P 
837.616,384253.9,0.43,837.6169,-0.96,-0.5,C36 [13]C6 H88 O13 P 
838.5433,2167332,2.45,838.5443,-0.94,4.5,C40 [13]C3 H80 O13 P 
838.5593,2280832.3,2.58,838.5577,1.6,3,C43 H83 O13 P 
838.5803,276422.3,0.31,838.5577,22.63,3,C43 H83 O13 P 
838.599,470266.5,0.53,838.6069,-7.83,1,C32 [13]C10 H85 O13 P 
838.6189,320318.5,0.36,838.6203,-1.43,-0.5,C35 [13]C7 H88 O13 P 
839.5545,3592782.8,4.07,839.5566,-2.06,3.5,C41 [13]C2 H82 O13 P 
839.5923,539186.6,0.61,839.6147,-22.44,0.5,C32 [13]C10 H86 O13 P 
839.6031,431757.8,0.49,839.6147,-11.6,0.5,C32 [13]C10 H86 O13 P 
840.558,2047289.8,2.32,840.5599,-1.88,3.5,C40 [13]C3 H82 O13 P 
840.5754,1922018.1,2.18,840.5733,2.07,2,C43 H85 O13 P 
840.5949,225965.1,0.26,840.5733,21.6,2,C43 H85 O13 P 
841.5695,1658337.9,1.88,841.5677,1.72,3,C40 [13]C3 H83 O13 P 
841.6087,243695.9,0.28,841.6304,-21.63,-0.5,C32 [13]C10 H88 O13 P 
842.5726,1049289,1.19,842.5711,1.49,3,C39 [13]C4 H83 O13 P 
842.5906,513090,0.58,842.589,1.6,1,C43 H87 O13 P 
843.5176,197217.8,0.22,843.5029,14.74,7.5,C44 H76 O13 P 
843.5503,178081.9,0.2,843.5521,-1.82,5.5,C33 [13]C10 H78 O13 P 
843.5703,596047.1,0.67,843.57,0.31,3.5,C37 [13]C6 H82 O13 P 
843.5854,946937.1,1.07,843.5834,2.03,2,C40 [13]C3 H85 O13 P 
844.5642,466299.3,0.53,844.5644,-0.15,4.5,C34 [13]C9 H80 O13 P 
844.5802,418433.9,0.47,844.5823,-2.1,2.5,C38 [13]C5 H84 O13 P 
844.5879,401770.9,0.45,844.5867,1.19,2,C39 [13]C4 H85 O13 P 
844.6069,498052.9,0.56,844.6046,2.26,0,C43 H89 O13 P 
845.5651,411717.7,0.47,845.5678,-2.62,4.5,C33 [13]C10 H80 O13 P 
845.5917,310985.5,0.35,845.5901,1.61,2,C38 [13]C5 H85 O13 P 
845.6015,257569.1,0.29,845.6035,-2.03,0.5,C41 [13]C2 H88 O13 P 
846.4957,190022.3,0.22,846.4951,0.59,9.5,C37 [13]C7 H72 O13 P 
846.559,183873.2,0.21,846.5756,-16.62,4,C33 [13]C10 H81 O13 P 
847.5715,488814.5,0.55,847.5834,-11.94,3.5,C33 [13]C10 H82 O13 P 
849.586,508487.4,0.58,849.5991,-13,2.5,C33 [13]C10 H84 O13 P 
850.5598,266421.2,0.3,850.5577,2.14,4,C44 H83 O13 P 
850.5751,409827.1,0.46,850.5577,17.47,4,C44 H83 O13 P 
850.5895,267334.4,0.3,850.6069,-17.34,2,C33 [13]C10 H85 O13 P 
851.5566,235506.6,0.27,851.5566,0.05,4.5,C42 [13]C2 H82 O13 P 
851.5918,227405.5,0.26,851.6147,-22.88,1.5,C33 [13]C10 H86 O13 P 
852.5589,186811.8,0.21,852.5599,-1.06,4.5,C41 [13]C3 H82 O13 P 
852.5752,490801.5,0.56,852.5733,1.92,3,C44 H85 O13 P 
852.5904,198317.7,0.22,852.5733,17.1,3,C44 H85 O13 P 
853.5711,1025282.3,1.16,853.5722,-1.13,3.5,C42 [13]C2 H84 O13 P 
854.574,576215.7,0.65,854.5756,-1.61,3.5,C41 [13]C3 H84 O13 P 
854.5911,805745,0.91,854.589,2.14,2,C44 H87 O13 P 
855.5863,1962581.9,2.22,855.5879,-1.56,2.5,C42 [13]C2 H86 O13 P 
856.5377,196105,0.22,856.5599,-22.23,6,C34 [13]C10 H79 O13 P 
856.5883,1034582.7,1.17,856.5867,1.58,3,C40 [13]C4 H85 O13 P 
856.6036,262519.5,0.3,856.6046,-1.04,1,C44 H89 O13 P 
856.655,239676.5,0.27,856.6538,1.13,-1,C33 [13]C10 H91 O13 P 
857.5183,1626715.5,1.84,857.5186,-0.26,7.5,C45 H78 O13 P 
857.6013,1111033.9,1.26,857.6035,-2.2,1.5,C42 [13]C2 H88 O13 P 
857.6752,597307.8,0.68,857.6125,62.72,0.5,C44 H90 O13 P 
858.5211,899937.6,1.02,858.5219,-0.83,7.5,C44 [13]C H78 O13 P 
858.5967,1559566.4,1.76,858.5979,-1.21,2.5,C39 [13]C5 H86 O13 P 
858.6704,1550108.4,1.75,858.6203,50.16,0,C44 H91 O13 P 
859.526,969005.4,1.1,859.5253,0.71,7.5,C43 [13]C2 H78 O13 P 
859.5467,387882.6,0.44,859.5342,12.49,6.5,C45 H80 O13 P 
859.5812,528874.8,0.6,859.5834,-2.18,4.5,C34 [13]C10 H82 O13 P 
859.6,640149.8,0.72,859.6013,-1.24,2.5,C38 [13]C6 H86 O13 P 
859.6739,735311.9,0.83,859.6281,45.77,-0.5,C44 H92 O13 P 
859.6907,335528.5,0.38,859.6281,62.57,-0.5,C44 H92 O13 P 
860.5285,3659504.5,4.14,860.5286,-0.13,7.5,C42 [13]C3 H78 O13 P 
860.5503,246291.5,0.28,860.542,8.23,6,C45 H81 O13 P 
860.5862,287068.2,0.32,860.5912,-4.98,4,C34 [13]C10 H83 O13 P 
860.6033,771679.3,0.87,860.6046,-1.32,2.5,C37 [13]C7 H86 O13 P 
860.6855,722920.5,0.82,860.6359,49.55,-1,C44 H93 O13 P 
861.5318,2227554.8,2.52,861.532,-0.13,7.5,C41 [13]C4 H78 O13 P 
861.5487,883334.3,1,861.5499,-1.13,5.5,C45 H82 O13 P 
861.6038,376778.2,0.43,861.6035,0.26,3,C35 [13]C9 H85 O13 P 
861.6706,307640.7,0.35,861.6393,31.28,-1,C43 [13]C H93 O13 P 
861.6891,389510.7,0.44,861.6393,49.82,-1,C43 [13]C H93 O13 P 
862.5355,1894106,2.14,862.5353,0.17,7.5,C40 [13]C5 H78 O13 P 
862.618,343827.1,0.39,862.6158,2.2,2,C36 [13]C8 H87 O13 P 
863.5388,1176785,1.33,863.5387,0.16,7.5,C39 [13]C6 H78 O13 P 
863.5647,1195675.9,1.35,863.5655,-0.75,4.5,C45 H84 O13 P 
863.6123,462109.1,0.52,863.6147,-2.38,2.5,C34 [13]C10 H86 O13 P 
864.5428,1164916,1.32,864.542,0.75,7.5,C38 [13]C7 H78 O13 P 
864.5594,1493572,1.69,864.5599,-0.53,5.5,C42 [13]C3 H82 O13 P 
864.6176,224621.3,0.25,864.6225,-4.88,2,C34 [13]C10 H87 O13 P 
865.5021,625047.9,0.71,865.4873,14.84,10.5,C46 H74 O13 P 
865.5467,640660.7,0.72,865.5454,1.31,7.5,C37 [13]C8 H78 O13 P 
865.5623,771491.8,0.87,865.5633,-0.96,5.5,C41 [13]C4 H82 O13 P 
865.6276,351587.9,0.4,865.6304,-2.8,1.5,C34 [13]C10 H88 O13 P 
866.5058,341551.1,0.39,866.4951,10.76,10,C46 H75 O13 P 
866.5496,440278.6,0.5,866.5487,0.9,7.5,C36 [13]C9 H78 O13 P 
866.5658,700697.8,0.79,866.5666,-0.81,5.5,C40 [13]C5 H82 O13 P 
866.5742,576985.3,0.65,866.5756,-1.39,4.5,C42 [13]C3 H84 O13 P 
866.5913,478601.6,0.54,866.589,2.34,3,C45 H87 O13 P 
867.5174,507437.2,0.57,867.5029,14.54,9.5,C46 H76 O13 P 
867.5394,328201.6,0.37,867.5521,-12.7,7.5,C35 [13]C10 H78 O13 P 
867.5523,256141.5,0.29,867.5521,0.16,7.5,C35 [13]C10 H78 O13 P 
867.5702,362743.8,0.41,867.57,0.23,5.5,C39 [13]C6 H82 O13 P 
867.5776,317363.9,0.36,867.5789,-1.34,4.5,C41 [13]C4 H84 O13 P 
867.5945,260298.6,0.29,867.5923,2.14,3,C44 [13]C H87 O13 P 
868.5208,206130.5,0.23,868.5107,10.12,9,C46 H77 O13 P 
868.5601,183983.3,0.21,868.5599,0.19,7,C35 [13]C10 H79 O13 P 
868.5731,440795.2,0.5,868.5733,-0.27,5.5,C38 [13]C7 H82 O13 P 
868.607,427191.6,0.48,868.6046,2.34,2,C45 H89 O13 P 
869.5546,2894212.8,3.28,869.5678,-13.14,6.5,C35 [13]C10 H80 O13 P 
869.5756,224660.3,0.25,869.5767,-1.14,5.5,C37 [13]C8 H82 O13 P 
869.6016,233327.5,0.26,869.6035,-1.9,2.5,C43 [13]C2 H88 O13 P 
870.558,1637507.8,1.85,870.5756,-17.57,6,C35 [13]C10 H81 O13 P 
870.5789,183050.6,0.21,870.58,-1.12,5.5,C36 [13]C9 H82 O13 P 
871.5342,395360.2,0.45,871.5342,-0.03,7.5,C46 H80 O13 P 
871.5703,2649094.3,3,871.5834,-13.06,5.5,C35 [13]C10 H82 O13 P 
871.6169,252313.7,0.29,871.6147,2.18,2,C42 [13]C3 H89 O13 P 
872.5361,253986.8,0.29,872.5376,-1.49,7.5,C45 [13]C H80 O13 P 
872.5732,1363788.3,1.54,872.5912,-18,5,C35 [13]C10 H83 O13 P 
873.5492,309435,0.35,873.5499,-0.65,6.5,C46 H82 O13 P 
873.5858,820889.3,0.93,873.5991,-13.28,4.5,C35 [13]C10 H84 O13 P 
874.5444,811909.4,0.92,874.5443,0.09,7.5,C43 [13]C3 H80 O13 P 
874.5841,446407.5,0.51,874.6069,-22.74,4,C35 [13]C10 H85 O13 P 
875.5474,418734.2,0.47,875.5476,-0.21,7.5,C42 [13]C4 H80 O13 P 
876.5594,481040.8,0.54,876.5599,-0.56,6.5,C43 [13]C3 H82 O13 P 
877.562,362819.8,0.41,877.5633,-1.28,6.5,C42 [13]C4 H82 O13 P 
878.5658,214158.9,0.24,878.5666,-0.8,6.5,C41 [13]C5 H82 O13 P 
879.5871,185736.4,0.21,879.5879,-0.79,4.5,C44 [13]C2 H86 O13 P 
880.5733,191863.8,0.22,880.5733,-0.05,6.5,C39 [13]C7 H82 O13 P 
881.5178,356303.2,0.4,881.5186,-0.75,9.5,C47 H78 O13 P 
881.5322,327113.3,0.37,881.5186,13.61,9.5,C47 H78 O13 P 
881.6017,179014.7,0.2,881.6035,-1.77,3.5,C44 [13]C2 H88 O13 P 
882.5216,190533,0.22,882.5219,-0.28,9.5,C46 [13]C H78 O13 P 
882.587,327148.8,0.37,882.589,-2.01,5.5,C39 [13]C7 H84 O13 P 
883.5339,9273827,10.49,883.5342,-0.3,8.5,C47 H80 O13 P 
884.5371,5043780.5,5.71,884.5376,-0.44,8.5,C46 [13]C H80 O13 P 
884.6021,709641.4,0.8,884.6002,1.98,5,C38 [13]C8 H85 O13 P 
885.5495,54320192,61.47,885.5499,-0.38,7.5,C47 H82 O13 P 
885.5643,182964.6,0.21,885.5499,14.45,7.5,C47 H82 O13 P 
885.5992,420632.8,0.48,885.5991,0.19,5.5,C36 [13]C10 H84 O13 P 
885.6044,418582.9,0.47,885.6035,0.9,5,C37 [13]C9 H85 O13 P 
886.5525,29226088,33.07,886.5532,-0.67,7.5,C46 [13]C H82 O13 P 
886.6119,254268.3,0.29,886.6113,0.53,4.5,C37 [13]C9 H86 O13 P 
887.5562,20816118,23.56,887.5566,-0.37,7.5,C45 [13]C2 H82 O13 P 
887.6125,631481.4,0.71,887.6147,-2.2,4.5,C36 [13]C10 H86 O13 P 
887.6857,653250.6,0.74,887.6594,26.29,-0.5,C46 H96 O13 P 
888.5595,45985500,52.04,888.5599,-0.38,7.5,C44 [13]C3 H82 O13 P 
888.6165,320276.2,0.36,888.6225,-6.05,4,C36 [13]C10 H87 O13 P 
888.6894,324743.5,0.37,888.6672,22.13,-1,C46 H97 O13 P 
889.5629,25380230,28.72,889.5633,-0.41,7.5,C43 [13]C4 H82 O13 P 
889.7003,306044.7,0.35,889.6706,29.68,-1,C45 [13]C H97 O13 P 
890.5664,16183589,18.31,890.5666,-0.26,7.5,C42 [13]C5 H82 O13 P 
891.5698,8929499,10.11,891.57,-0.21,7.5,C41 [13]C6 H82 O13 P 
892.573,6328348.5,7.16,892.5733,-0.36,7.5,C40 [13]C7 H82 O13 P 
893.5764,3431078.3,3.88,893.5767,-0.32,7.5,C39 [13]C8 H82 O13 P 
894.5797,3332838,3.77,894.58,-0.33,7.5,C38 [13]C9 H82 O13 P 
895.5721,355419.1,0.4,895.5834,-11.27,7.5,C37 [13]C10 H82 O13 P 
895.583,1517246.1,1.72,895.5834,-0.43,7.5,C37 [13]C10 H82 O13 P 
896.5729,226807,0.26,896.5912,-18.34,7,C37 [13]C10 H83 O13 P 
896.5868,1107175.3,1.25,896.5912,-4.39,7,C37 [13]C10 H83 O13 P 
897.5898,453766,0.51,897.5991,-9.23,6.5,C37 [13]C10 H84 O13 P 
898.5934,282262.5,0.32,898.6069,-13.44,6,C37 [13]C10 H85 O13 P 
901.5444,257827.3,0.29,901.5454,-0.98,10.5,C40 [13]C8 H78 O13 P 
904.5546,278451.3,0.32,904.5599,-5.32,10,C38 [13]C10 H79 O13 P 
906.5525,222900.9,0.25,906.5756,-23.08,9,C38 [13]C10 H81 O13 P 
909.5488,394254.3,0.45,909.5499,-1.06,9.5,C49 H82 O13 P 
909.6368,246050.3,0.28,909.6348,2.03,3.5,C46 [13]C2 H92 O13 P 
911.5647,828456.2,0.94,911.5655,-0.79,8.5,C49 H84 O13 P 
912.5608,610741.9,0.69,912.5599,0.89,9.5,C46 [13]C3 H82 O13 P 
913.572,344538.5,0.39,913.5722,-0.26,8.5,C47 [13]C2 H84 O13 P 
914.5751,1066153.6,1.21,914.5756,-0.43,8.5,C46 [13]C3 H84 O13 P 
915.5601,473308.4,0.54,915.561,-0.92,10.5,C41 [13]C8 H80 O13 P 
915.5787,556344.8,0.63,915.5789,-0.19,8.5,C45 [13]C4 H84 O13 P 
916.5633,202688.5,0.23,916.5644,-1.13,10.5,C40 [13]C9 H80 O13 P 
916.5845,373862.3,0.42,916.5867,-2.21,8,C45 [13]C4 H85 O13 P 
916.5887,381637.1,0.43,916.5867,1.96,8,C45 [13]C4 H85 O13 P 
917.5394,384047.8,0.43,917.5186,20.83,12.5,C50 H78 O13 P 
917.5758,505755.7,0.57,917.5767,-0.91,9.5,C41 [13]C8 H82 O13 P 
918.5707,409978.3,0.46,918.5756,-4.89,10,C39 [13]C10 H81 O13 P 
919.5735,195111,0.22,919.5834,-9.93,9.5,C39 [13]C10 H82 O13 P 
920.5501,274665.9,0.31,920.542,8.07,11,C50 H81 O13 P 
920.5858,458399.3,0.52,920.5912,-5.39,9,C39 [13]C10 H83 O13 P 
932.7321,767026.7,0.87,932.7209,11.25,-1,C47 [13]C2 H103 O13 P 
933.7354,397415,0.45,933.7242,11.16,-1,C46 [13]C3 H103 O13 P 